region,horizon,model,feature,importance
north,3,xgboost,SST,0.018406562507152557
north,3,xgboost,Climatology,0.022246642038226128
north,3,xgboost,Threshold90,0.012085456401109695
north,3,xgboost,Intensity,0.11195140331983566
north,3,xgboost,SST_Anomaly,0.042470891028642654
north,3,xgboost,Above_Threshold,0.004133554175496101
north,3,xgboost,Distance_to_Threshold,0.14139412343502045
north,3,xgboost,Consecutive_Hot_Days,0.0034565941896289587
north,3,xgboost,SST_mean_7d,0.016565851867198944
north,3,xgboost,SST_std_7d,0.0053896186873316765
north,3,xgboost,Intensity_mean_7d,0.016328725963830948
north,3,xgboost,SST_mean_14d,0.0037096624728292227
north,3,xgboost,SST_std_14d,0.0038933511823415756
north,3,xgboost,Intensity_mean_14d,0.021045789122581482
north,3,xgboost,SST_mean_21d,0.013246415182948112
north,3,xgboost,SST_std_21d,0.024499613791704178
north,3,xgboost,Intensity_mean_21d,0.008297295309603214
north,3,xgboost,SST_mean_30d,0.023863622918725014
north,3,xgboost,SST_std_30d,0.006834675557911396
north,3,xgboost,Intensity_mean_30d,0.005767902825027704
north,3,xgboost,SST_change_7d,0.00899661984294653
north,3,xgboost,SST_change_14d,0.007724017836153507
north,3,xgboost,Wind,0.006133722141385078
north,3,xgboost,Wind_Climatology,0.004060916602611542
north,3,xgboost,Wind_Anomaly,0.004904197063297033
north,3,xgboost,Wind_mean_7d,0.005474738776683807
north,3,xgboost,Wind_anom_mean_7d,0.012830520048737526
north,3,xgboost,Wind_mean_14d,0.010626074858009815
north,3,xgboost,Wind_anom_mean_14d,0.008926620706915855
north,3,xgboost,Wind_mean_21d,0.005954123567789793
north,3,xgboost,Wind_anom_mean_21d,0.0027439019177109003
north,3,xgboost,Wind_mean_30d,0.027568044140934944
north,3,xgboost,Wind_anom_mean_30d,0.009062179364264011
north,3,xgboost,SLHF,0.0016177655197679996
north,3,xgboost,SLHF_Anomaly,0.01406939048320055
north,3,xgboost,SLHF_anom_mean_7d,0.003939547576010227
north,3,xgboost,SLHF_anom_mean_14d,0.004877437371760607
north,3,xgboost,SLHF_anom_mean_21d,0.004697523079812527
north,3,xgboost,SLHF_anom_mean_30d,0.006316641345620155
north,3,xgboost,SSHF,0.02312912605702877
north,3,xgboost,SSHF_Anomaly,0.0065035284496843815
north,3,xgboost,SSHF_anom_mean_7d,0.0051518939435482025
north,3,xgboost,SSHF_anom_mean_14d,0.006207149941474199
north,3,xgboost,SSHF_anom_mean_21d,0.005730040371417999
north,3,xgboost,SSHF_anom_mean_30d,0.007166425697505474
north,3,xgboost,ONI_0m,0.04305057227611542
north,3,xgboost,DMI_0m,0.009388177655637264
north,3,xgboost,MEI_0m,0.0077501037158071995
north,3,xgboost,ONI_1m,0.005774183198809624
north,3,xgboost,DMI_1m,0.029602771624922752
north,3,xgboost,MEI_1m,0.021287934854626656
north,3,xgboost,ONI_2m,0.015231872908771038
north,3,xgboost,DMI_2m,0.006361281964927912
north,3,xgboost,MEI_2m,0.006317224819213152
north,3,xgboost,ONI_3m,0.003010170068591833
north,3,xgboost,DMI_3m,0.010188822634518147
north,3,xgboost,MEI_3m,0.008520714938640594
north,3,xgboost,ONI_6m,0.013238449580967426
north,3,xgboost,DMI_6m,0.021962907165288925
north,3,xgboost,MEI_6m,0.02202622964978218
north,3,xgboost,DOY_sin,0.028062311932444572
north,3,xgboost,DOY_cos,0.038226418197155
north,7,xgboost,SST,0.015845682471990585
north,7,xgboost,Climatology,0.014221841469407082
north,7,xgboost,Threshold90,0.03247392177581787
north,7,xgboost,Intensity,0.08820924162864685
north,7,xgboost,SST_Anomaly,0.012163023464381695
north,7,xgboost,Above_Threshold,0.005197315011173487
north,7,xgboost,Distance_to_Threshold,0.09890326112508774
north,7,xgboost,Consecutive_Hot_Days,0.008857840672135353
north,7,xgboost,SST_mean_7d,0.007798901293426752
north,7,xgboost,SST_std_7d,0.007984213531017303
north,7,xgboost,Intensity_mean_7d,0.028324337676167488
north,7,xgboost,SST_mean_14d,0.009164188988506794
north,7,xgboost,SST_std_14d,0.006503975950181484
north,7,xgboost,Intensity_mean_14d,0.022198233753442764
north,7,xgboost,SST_mean_21d,0.006180994212627411
north,7,xgboost,SST_std_21d,0.006414817646145821
north,7,xgboost,Intensity_mean_21d,0.012089121155440807
north,7,xgboost,SST_mean_30d,0.013928312808275223
north,7,xgboost,SST_std_30d,0.006931424140930176
north,7,xgboost,Intensity_mean_30d,0.01978541538119316
north,7,xgboost,SST_change_7d,0.0059427847154438496
north,7,xgboost,SST_change_14d,0.0045098974369466305
north,7,xgboost,Wind,0.00884786993265152
north,7,xgboost,Wind_Climatology,0.005080677103251219
north,7,xgboost,Wind_Anomaly,0.010355298407375813
north,7,xgboost,Wind_mean_7d,0.03546323627233505
north,7,xgboost,Wind_anom_mean_7d,0.008071468211710453
north,7,xgboost,Wind_mean_14d,0.008303658105432987
north,7,xgboost,Wind_anom_mean_14d,0.006603410467505455
north,7,xgboost,Wind_mean_21d,0.016887180507183075
north,7,xgboost,Wind_anom_mean_21d,0.006087705492973328
north,7,xgboost,Wind_mean_30d,0.00683860806748271
north,7,xgboost,Wind_anom_mean_30d,0.005785573273897171
north,7,xgboost,SLHF,0.009261860512197018
north,7,xgboost,SLHF_Anomaly,0.015476660802960396
north,7,xgboost,SLHF_anom_mean_7d,0.009067200124263763
north,7,xgboost,SLHF_anom_mean_14d,0.015674743801355362
north,7,xgboost,SLHF_anom_mean_21d,0.00884146336466074
north,7,xgboost,SLHF_anom_mean_30d,0.0068569062277674675
north,7,xgboost,SSHF,0.011725734919309616
north,7,xgboost,SSHF_Anomaly,0.009660267271101475
north,7,xgboost,SSHF_anom_mean_7d,0.008954903110861778
north,7,xgboost,SSHF_anom_mean_14d,0.0098430085927248
north,7,xgboost,SSHF_anom_mean_21d,0.006561065558344126
north,7,xgboost,SSHF_anom_mean_30d,0.007986518554389477
north,7,xgboost,ONI_0m,0.03620724380016327
north,7,xgboost,DMI_0m,0.0167885422706604
north,7,xgboost,MEI_0m,0.012277904897928238
north,7,xgboost,ONI_1m,0.013603667728602886
north,7,xgboost,DMI_1m,0.03225293755531311
north,7,xgboost,MEI_1m,0.02937677502632141
north,7,xgboost,ONI_2m,0.022437380626797676
north,7,xgboost,DMI_2m,0.007603340782225132
north,7,xgboost,MEI_2m,0.011980494484305382
north,7,xgboost,ONI_3m,0.015017516911029816
north,7,xgboost,DMI_3m,0.011365541256964207
north,7,xgboost,MEI_3m,0.01203294936567545
north,7,xgboost,ONI_6m,0.01646563597023487
north,7,xgboost,DMI_6m,0.01852838508784771
north,7,xgboost,MEI_6m,0.023430177941918373
north,7,xgboost,DOY_sin,0.031443364918231964
north,7,xgboost,DOY_cos,0.01732436567544937
north,14,xgboost,SST,0.012587929144501686
north,14,xgboost,Climatology,0.011530699208378792
north,14,xgboost,Threshold90,0.010176995769143105
north,14,xgboost,Intensity,0.07001037895679474
north,14,xgboost,SST_Anomaly,0.0403035432100296
north,14,xgboost,Above_Threshold,0.005916209425777197
north,14,xgboost,Distance_to_Threshold,0.03404511883854866
north,14,xgboost,Consecutive_Hot_Days,0.004015323240309954
north,14,xgboost,SST_mean_7d,0.008542307652533054
north,14,xgboost,SST_std_7d,0.007103682495653629
north,14,xgboost,Intensity_mean_7d,0.09055788815021515
north,14,xgboost,SST_mean_14d,0.009784979745745659
north,14,xgboost,SST_std_14d,0.008704719133675098
north,14,xgboost,Intensity_mean_14d,0.03165779262781143
north,14,xgboost,SST_mean_21d,0.01375630497932434
north,14,xgboost,SST_std_21d,0.010014897212386131
north,14,xgboost,Intensity_mean_21d,0.015558580867946148
north,14,xgboost,SST_mean_30d,0.008649223484098911
north,14,xgboost,SST_std_30d,0.007172909565269947
north,14,xgboost,Intensity_mean_30d,0.014123217202723026
north,14,xgboost,SST_change_7d,0.011319421231746674
north,14,xgboost,SST_change_14d,0.005347738042473793
north,14,xgboost,Wind,0.01718296855688095
north,14,xgboost,Wind_Climatology,0.004237970802932978
north,14,xgboost,Wind_Anomaly,0.006811561994254589
north,14,xgboost,Wind_mean_7d,0.007209875155240297
north,14,xgboost,Wind_anom_mean_7d,0.006116483360528946
north,14,xgboost,Wind_mean_14d,0.005678487941622734
north,14,xgboost,Wind_anom_mean_14d,0.01455933041870594
north,14,xgboost,Wind_mean_21d,0.01135459914803505
north,14,xgboost,Wind_anom_mean_21d,0.0051673660054802895
north,14,xgboost,Wind_mean_30d,0.007704476825892925
north,14,xgboost,Wind_anom_mean_30d,0.0081218546256423
north,14,xgboost,SLHF,0.011322143487632275
north,14,xgboost,SLHF_Anomaly,0.023326709866523743
north,14,xgboost,SLHF_anom_mean_7d,0.008398663252592087
north,14,xgboost,SLHF_anom_mean_14d,0.009522425942122936
north,14,xgboost,SLHF_anom_mean_21d,0.008655227720737457
north,14,xgboost,SLHF_anom_mean_30d,0.0064948671497404575
north,14,xgboost,SSHF,0.012522866949439049
north,14,xgboost,SSHF_Anomaly,0.009216646663844585
north,14,xgboost,SSHF_anom_mean_7d,0.009312240406870842
north,14,xgboost,SSHF_anom_mean_14d,0.0052996412850916386
north,14,xgboost,SSHF_anom_mean_21d,0.005632517393678427
north,14,xgboost,SSHF_anom_mean_30d,0.007221297360956669
north,14,xgboost,ONI_0m,0.02184411697089672
north,14,xgboost,DMI_0m,0.01535811647772789
north,14,xgboost,MEI_0m,0.018292749300599098
north,14,xgboost,ONI_1m,0.01450541615486145
north,14,xgboost,DMI_1m,0.042341362684965134
north,14,xgboost,MEI_1m,0.022580772638320923
north,14,xgboost,ONI_2m,0.018519500270485878
north,14,xgboost,DMI_2m,0.015298754908144474
north,14,xgboost,MEI_2m,0.020123492926359177
north,14,xgboost,ONI_3m,0.018011005595326424
north,14,xgboost,DMI_3m,0.026965703815221786
north,14,xgboost,MEI_3m,0.011259399354457855
north,14,xgboost,ONI_6m,0.022541942074894905
north,14,xgboost,DMI_6m,0.019933287054300308
north,14,xgboost,MEI_6m,0.029055772349238396
north,14,xgboost,DOY_sin,0.025588035583496094
north,14,xgboost,DOY_cos,0.015830574557185173
central,3,xgboost,SST,0.010628592222929
central,3,xgboost,Climatology,0.0058632357977330685
central,3,xgboost,Threshold90,0.00971648283302784
central,3,xgboost,Intensity,0.12988537549972534
central,3,xgboost,SST_Anomaly,0.16694536805152893
central,3,xgboost,Above_Threshold,0.0010239453986287117
central,3,xgboost,Distance_to_Threshold,0.06616666913032532
central,3,xgboost,Consecutive_Hot_Days,0.04877288267016411
central,3,xgboost,SST_mean_7d,0.00677304994314909
central,3,xgboost,SST_std_7d,0.0038199119735509157
central,3,xgboost,Intensity_mean_7d,0.005610468331724405
central,3,xgboost,SST_mean_14d,0.008735193870961666
central,3,xgboost,SST_std_14d,0.01176135241985321
central,3,xgboost,Intensity_mean_14d,0.0033015005756169558
central,3,xgboost,SST_mean_21d,0.02635698765516281
central,3,xgboost,SST_std_21d,0.002813875675201416
central,3,xgboost,Intensity_mean_21d,0.005826754495501518
central,3,xgboost,SST_mean_30d,0.023569954559206963
central,3,xgboost,SST_std_30d,0.009807951748371124
central,3,xgboost,Intensity_mean_30d,0.008273101411759853
central,3,xgboost,SST_change_7d,0.01243862509727478
central,3,xgboost,SST_change_14d,0.009382883086800575
central,3,xgboost,Wind,0.015630636364221573
central,3,xgboost,Wind_Climatology,0.002395146992057562
central,3,xgboost,Wind_Anomaly,0.008157159201800823
central,3,xgboost,Wind_mean_7d,0.0009438610286451876
central,3,xgboost,Wind_anom_mean_7d,0.003109122859314084
central,3,xgboost,Wind_mean_14d,0.0036602974869310856
central,3,xgboost,Wind_anom_mean_14d,0.010725731030106544
central,3,xgboost,Wind_mean_21d,0.0027150711975991726
central,3,xgboost,Wind_anom_mean_21d,0.004805270582437515
central,3,xgboost,Wind_mean_30d,0.00240422785282135
central,3,xgboost,Wind_anom_mean_30d,0.030325913801789284
central,3,xgboost,SLHF,0.003744828049093485
central,3,xgboost,SLHF_Anomaly,0.004612539429217577
central,3,xgboost,SLHF_anom_mean_7d,0.0040915971621870995
central,3,xgboost,SLHF_anom_mean_14d,0.016191480681300163
central,3,xgboost,SLHF_anom_mean_21d,0.005265854764729738
central,3,xgboost,SLHF_anom_mean_30d,0.0038739126175642014
central,3,xgboost,SSHF,0.008386258035898209
central,3,xgboost,SSHF_Anomaly,0.011900053359568119
central,3,xgboost,SSHF_anom_mean_7d,0.002636881545186043
central,3,xgboost,SSHF_anom_mean_14d,0.0018697662744671106
central,3,xgboost,SSHF_anom_mean_21d,0.003163460409268737
central,3,xgboost,SSHF_anom_mean_30d,0.002640716265887022
central,3,xgboost,ONI_0m,0.007689020596444607
central,3,xgboost,DMI_0m,0.04628559947013855
central,3,xgboost,MEI_0m,0.010626568458974361
central,3,xgboost,ONI_1m,0.012659928761422634
central,3,xgboost,DMI_1m,0.014945553615689278
central,3,xgboost,MEI_1m,0.015347640961408615
central,3,xgboost,ONI_2m,0.004620474297553301
central,3,xgboost,DMI_2m,0.009417381137609482
central,3,xgboost,MEI_2m,0.0019747368060052395
central,3,xgboost,ONI_3m,0.0176206286996603
central,3,xgboost,DMI_3m,0.008906256407499313
central,3,xgboost,MEI_3m,0.018084915354847908
central,3,xgboost,ONI_6m,0.002680839505046606
central,3,xgboost,DMI_6m,0.03586364910006523
central,3,xgboost,MEI_6m,0.03454073891043663
central,3,xgboost,DOY_sin,0.02198939211666584
central,3,xgboost,DOY_cos,0.006022742949426174
central,7,xgboost,SST,0.007121730130165815
central,7,xgboost,Climatology,0.006415070034563541
central,7,xgboost,Threshold90,0.0052953544072806835
central,7,xgboost,Intensity,0.04483331739902496
central,7,xgboost,SST_Anomaly,0.16574475169181824
central,7,xgboost,Above_Threshold,0.004307705909013748
central,7,xgboost,Distance_to_Threshold,0.030015358701348305
central,7,xgboost,Consecutive_Hot_Days,0.0022423488553613424
central,7,xgboost,SST_mean_7d,0.014344865456223488
central,7,xgboost,SST_std_7d,0.007102271541953087
central,7,xgboost,Intensity_mean_7d,0.015251989476382732
central,7,xgboost,SST_mean_14d,0.038802310824394226
central,7,xgboost,SST_std_14d,0.0062827011570334435
central,7,xgboost,Intensity_mean_14d,0.013148956000804901
central,7,xgboost,SST_mean_21d,0.021140458062291145
central,7,xgboost,SST_std_21d,0.008246062323451042
central,7,xgboost,Intensity_mean_21d,0.004972394090145826
central,7,xgboost,SST_mean_30d,0.009730568155646324
central,7,xgboost,SST_std_30d,0.007411390542984009
central,7,xgboost,Intensity_mean_30d,0.022338377311825752
central,7,xgboost,SST_change_7d,0.010244021192193031
central,7,xgboost,SST_change_14d,0.009295573458075523
central,7,xgboost,Wind,0.013083362020552158
central,7,xgboost,Wind_Climatology,0.007713111117482185
central,7,xgboost,Wind_Anomaly,0.0173988975584507
central,7,xgboost,Wind_mean_7d,0.005292706191539764
central,7,xgboost,Wind_anom_mean_7d,0.006754147820174694
central,7,xgboost,Wind_mean_14d,0.006372365634888411
central,7,xgboost,Wind_anom_mean_14d,0.008720728568732738
central,7,xgboost,Wind_mean_21d,0.003110181773081422
central,7,xgboost,Wind_anom_mean_21d,0.010920955799520016
central,7,xgboost,Wind_mean_30d,0.003255961462855339
central,7,xgboost,Wind_anom_mean_30d,0.014023798517882824
central,7,xgboost,SLHF,0.006167007144540548
central,7,xgboost,SLHF_Anomaly,0.0055062370374798775
central,7,xgboost,SLHF_anom_mean_7d,0.006691114977002144
central,7,xgboost,SLHF_anom_mean_14d,0.014798196963965893
central,7,xgboost,SLHF_anom_mean_21d,0.003759710816666484
central,7,xgboost,SLHF_anom_mean_30d,0.005725181195884943
central,7,xgboost,SSHF,0.007251647766679525
central,7,xgboost,SSHF_Anomaly,0.009664751589298248
central,7,xgboost,SSHF_anom_mean_7d,0.013370533473789692
central,7,xgboost,SSHF_anom_mean_14d,0.005426603369414806
central,7,xgboost,SSHF_anom_mean_21d,0.008829377591609955
central,7,xgboost,SSHF_anom_mean_30d,0.008472961373627186
central,7,xgboost,ONI_0m,0.00689608883112669
central,7,xgboost,DMI_0m,0.04461145028471947
central,7,xgboost,MEI_0m,0.006947672925889492
central,7,xgboost,ONI_1m,0.03975100815296173
central,7,xgboost,DMI_1m,0.02115076407790184
central,7,xgboost,MEI_1m,0.02722359448671341
central,7,xgboost,ONI_2m,0.016626570373773575
central,7,xgboost,DMI_2m,0.010898089967668056
central,7,xgboost,MEI_2m,0.006825407966971397
central,7,xgboost,ONI_3m,0.009913483634591103
central,7,xgboost,DMI_3m,0.016368526965379715
central,7,xgboost,MEI_3m,0.013440582901239395
central,7,xgboost,ONI_6m,0.011565636843442917
central,7,xgboost,DMI_6m,0.056644972413778305
central,7,xgboost,MEI_6m,0.04051833599805832
central,7,xgboost,DOY_sin,0.01782715879380703
central,7,xgboost,DOY_cos,0.006193551234900951
central,14,xgboost,SST,0.019673753529787064
central,14,xgboost,Climatology,0.012312240898609161
central,14,xgboost,Threshold90,0.01058199629187584
central,14,xgboost,Intensity,0.022409161552786827
central,14,xgboost,SST_Anomaly,0.14223867654800415
central,14,xgboost,Above_Threshold,0.026766104623675346
central,14,xgboost,Distance_to_Threshold,0.009672693908214569
central,14,xgboost,Consecutive_Hot_Days,0.012239588424563408
central,14,xgboost,SST_mean_7d,0.010074424557387829
central,14,xgboost,SST_std_7d,0.0015717323403805494
central,14,xgboost,Intensity_mean_7d,0.00804620236158371
central,14,xgboost,SST_mean_14d,0.00989509653300047
central,14,xgboost,SST_std_14d,0.003678979817777872
central,14,xgboost,Intensity_mean_14d,0.04693649709224701
central,14,xgboost,SST_mean_21d,0.011197135783731937
central,14,xgboost,SST_std_21d,0.00254218396730721
central,14,xgboost,Intensity_mean_21d,0.014617729932069778
central,14,xgboost,SST_mean_30d,0.008717602118849754
central,14,xgboost,SST_std_30d,0.007965974509716034
central,14,xgboost,Intensity_mean_30d,0.025059795007109642
central,14,xgboost,SST_change_7d,0.009615453891456127
central,14,xgboost,SST_change_14d,0.003197350772097707
central,14,xgboost,Wind,0.0025688973255455494
central,14,xgboost,Wind_Climatology,0.018363341689109802
central,14,xgboost,Wind_Anomaly,0.014664542861282825
central,14,xgboost,Wind_mean_7d,0.004397132433950901
central,14,xgboost,Wind_anom_mean_7d,0.024125002324581146
central,14,xgboost,Wind_mean_14d,0.0035626329481601715
central,14,xgboost,Wind_anom_mean_14d,0.007712360005825758
central,14,xgboost,Wind_mean_21d,0.004109487868845463
central,14,xgboost,Wind_anom_mean_21d,0.0024991731625050306
central,14,xgboost,Wind_mean_30d,0.007842143066227436
central,14,xgboost,Wind_anom_mean_30d,0.014695722609758377
central,14,xgboost,SLHF,0.007736733183264732
central,14,xgboost,SLHF_Anomaly,0.0010804681805893779
central,14,xgboost,SLHF_anom_mean_7d,0.005661928094923496
central,14,xgboost,SLHF_anom_mean_14d,0.006538041401654482
central,14,xgboost,SLHF_anom_mean_21d,0.0039815823547542095
central,14,xgboost,SLHF_anom_mean_30d,0.007108170073479414
central,14,xgboost,SSHF,0.008213714696466923
central,14,xgboost,SSHF_Anomaly,0.004152970388531685
central,14,xgboost,SSHF_anom_mean_7d,0.00398137466982007
central,14,xgboost,SSHF_anom_mean_14d,0.0062307571060955524
central,14,xgboost,SSHF_anom_mean_21d,0.01792191155254841
central,14,xgboost,SSHF_anom_mean_30d,0.007281206082552671
central,14,xgboost,ONI_0m,0.015754064545035362
central,14,xgboost,DMI_0m,0.031011201441287994
central,14,xgboost,MEI_0m,0.03312885761260986
central,14,xgboost,ONI_1m,0.013659083284437656
central,14,xgboost,DMI_1m,0.01828615367412567
central,14,xgboost,MEI_1m,0.033649660646915436
central,14,xgboost,ONI_2m,0.008195873349905014
central,14,xgboost,DMI_2m,0.02843996323645115
central,14,xgboost,MEI_2m,0.0051990472711622715
central,14,xgboost,ONI_3m,0.056283656507730484
central,14,xgboost,DMI_3m,0.014811402186751366
central,14,xgboost,MEI_3m,0.014499478973448277
central,14,xgboost,ONI_6m,0.03358805179595947
central,14,xgboost,DMI_6m,0.03426574915647507
central,14,xgboost,MEI_6m,0.030464833602309227
central,14,xgboost,DOY_sin,0.010242688469588757
central,14,xgboost,DOY_cos,0.015080585144460201
south,3,xgboost,SST,0.003108625067397952
south,3,xgboost,Climatology,0.010824372060596943
south,3,xgboost,Threshold90,0.0021515984553843737
south,3,xgboost,Intensity,0.04672360047698021
south,3,xgboost,SST_Anomaly,0.2136514037847519
south,3,xgboost,Above_Threshold,0.00546469958499074
south,3,xgboost,Distance_to_Threshold,0.02116999961435795
south,3,xgboost,Consecutive_Hot_Days,0.020389484241604805
south,3,xgboost,SST_mean_7d,0.009242746978998184
south,3,xgboost,SST_std_7d,0.0062050712294876575
south,3,xgboost,Intensity_mean_7d,0.009383445605635643
south,3,xgboost,SST_mean_14d,0.007314016576856375
south,3,xgboost,SST_std_14d,0.004071754869073629
south,3,xgboost,Intensity_mean_14d,0.025439629331231117
south,3,xgboost,SST_mean_21d,0.012761864811182022
south,3,xgboost,SST_std_21d,0.003460906445980072
south,3,xgboost,Intensity_mean_21d,0.022250432521104813
south,3,xgboost,SST_mean_30d,0.005901589058339596
south,3,xgboost,SST_std_30d,0.0037585555110126734
south,3,xgboost,Intensity_mean_30d,0.0035935156047344208
south,3,xgboost,SST_change_7d,0.020068153738975525
south,3,xgboost,SST_change_14d,0.012263534590601921
south,3,xgboost,Wind,0.019907280802726746
south,3,xgboost,Wind_Climatology,0.0028926143422722816
south,3,xgboost,Wind_Anomaly,0.00830286368727684
south,3,xgboost,Wind_mean_7d,0.002024180255830288
south,3,xgboost,Wind_anom_mean_7d,0.0027973847463726997
south,3,xgboost,Wind_mean_14d,0.023963984102010727
south,3,xgboost,Wind_anom_mean_14d,0.0029754023998975754
south,3,xgboost,Wind_mean_21d,0.003361201612278819
south,3,xgboost,Wind_anom_mean_21d,0.003249400993809104
south,3,xgboost,Wind_mean_30d,0.01376523170620203
south,3,xgboost,Wind_anom_mean_30d,0.009373283945024014
south,3,xgboost,SLHF,0.011236070655286312
south,3,xgboost,SLHF_Anomaly,0.003557596355676651
south,3,xgboost,SLHF_anom_mean_7d,0.00793529488146305
south,3,xgboost,SLHF_anom_mean_14d,0.018177086487412453
south,3,xgboost,SLHF_anom_mean_21d,0.003045720513910055
south,3,xgboost,SLHF_anom_mean_30d,0.004311027005314827
south,3,xgboost,SSHF,0.007283552084118128
south,3,xgboost,SSHF_Anomaly,0.004589392337948084
south,3,xgboost,SSHF_anom_mean_7d,0.008320841938257217
south,3,xgboost,SSHF_anom_mean_14d,0.013131984509527683
south,3,xgboost,SSHF_anom_mean_21d,0.009600606746971607
south,3,xgboost,SSHF_anom_mean_30d,0.0030954251997172832
south,3,xgboost,ONI_0m,0.010860237292945385
south,3,xgboost,DMI_0m,0.007836949080228806
south,3,xgboost,MEI_0m,0.012143655680119991
south,3,xgboost,ONI_1m,0.006547768134623766
south,3,xgboost,DMI_1m,0.007884477265179157
south,3,xgboost,MEI_1m,0.04303920641541481
south,3,xgboost,ONI_2m,0.004700190853327513
south,3,xgboost,DMI_2m,0.03125952556729317
south,3,xgboost,MEI_2m,0.0039846026338636875
south,3,xgboost,ONI_3m,0.0718543529510498
south,3,xgboost,DMI_3m,0.02163190208375454
south,3,xgboost,MEI_3m,0.01637682504951954
south,3,xgboost,ONI_6m,0.029966292902827263
south,3,xgboost,DMI_6m,0.05468872934579849
south,3,xgboost,MEI_6m,0.006732404697686434
south,3,xgboost,DOY_sin,0.009461501613259315
south,3,xgboost,DOY_cos,0.004934950266033411
south,7,xgboost,SST,0.005475982092320919
south,7,xgboost,Climatology,0.005156832747161388
south,7,xgboost,Threshold90,0.005778877064585686
south,7,xgboost,Intensity,0.029822619631886482
south,7,xgboost,SST_Anomaly,0.20282262563705444
south,7,xgboost,Above_Threshold,0.003305058926343918
south,7,xgboost,Distance_to_Threshold,0.011256352066993713
south,7,xgboost,Consecutive_Hot_Days,0.003347493475303054
south,7,xgboost,SST_mean_7d,0.027305107563734055
south,7,xgboost,SST_std_7d,0.008194326423108578
south,7,xgboost,Intensity_mean_7d,0.019452227279543877
south,7,xgboost,SST_mean_14d,0.0058336034417152405
south,7,xgboost,SST_std_14d,0.0030350799206644297
south,7,xgboost,Intensity_mean_14d,0.0047422004863619804
south,7,xgboost,SST_mean_21d,0.0036910094786435366
south,7,xgboost,SST_std_21d,0.003193329321220517
south,7,xgboost,Intensity_mean_21d,0.014083107002079487
south,7,xgboost,SST_mean_30d,0.0037629338912665844
south,7,xgboost,SST_std_30d,0.002416735514998436
south,7,xgboost,Intensity_mean_30d,0.008809850551187992
south,7,xgboost,SST_change_7d,0.02072763256728649
south,7,xgboost,SST_change_14d,0.010910832323133945
south,7,xgboost,Wind,0.004362364299595356
south,7,xgboost,Wind_Climatology,0.001783799845725298
south,7,xgboost,Wind_Anomaly,0.00856164563447237
south,7,xgboost,Wind_mean_7d,0.005685186944901943
south,7,xgboost,Wind_anom_mean_7d,0.004504948854446411
south,7,xgboost,Wind_mean_14d,0.0027107857167720795
south,7,xgboost,Wind_anom_mean_14d,0.0015637297183275223
south,7,xgboost,Wind_mean_21d,0.002870281459763646
south,7,xgboost,Wind_anom_mean_21d,0.0066017163917422295
south,7,xgboost,Wind_mean_30d,0.013919278047978878
south,7,xgboost,Wind_anom_mean_30d,0.013494996353983879
south,7,xgboost,SLHF,0.006527109071612358
south,7,xgboost,SLHF_Anomaly,0.00512479804456234
south,7,xgboost,SLHF_anom_mean_7d,0.0028781036380678415
south,7,xgboost,SLHF_anom_mean_14d,0.005557021126151085
south,7,xgboost,SLHF_anom_mean_21d,0.002975001698359847
south,7,xgboost,SLHF_anom_mean_30d,0.00881877914071083
south,7,xgboost,SSHF,0.007256300188601017
south,7,xgboost,SSHF_Anomaly,0.006294419523328543
south,7,xgboost,SSHF_anom_mean_7d,0.007486420217901468
south,7,xgboost,SSHF_anom_mean_14d,0.008295094594359398
south,7,xgboost,SSHF_anom_mean_21d,0.003785184118896723
south,7,xgboost,SSHF_anom_mean_30d,0.005129395052790642
south,7,xgboost,ONI_0m,0.037049535661935806
south,7,xgboost,DMI_0m,0.02747490629553795
south,7,xgboost,MEI_0m,0.028999190777540207
south,7,xgboost,ONI_1m,0.002377737546339631
south,7,xgboost,DMI_1m,0.007817842997610569
south,7,xgboost,MEI_1m,0.05178801715373993
south,7,xgboost,ONI_2m,0.0064018177799880505
south,7,xgboost,DMI_2m,0.05681324005126953
south,7,xgboost,MEI_2m,0.001028545550070703
south,7,xgboost,ONI_3m,0.08245715498924255
south,7,xgboost,DMI_3m,0.0071326009929180145
south,7,xgboost,MEI_3m,0.09612474590539932
south,7,xgboost,ONI_6m,0.017037441954016685
south,7,xgboost,DMI_6m,0.015300045721232891
south,7,xgboost,MEI_6m,0.006657065823674202
south,7,xgboost,DOY_sin,0.007615627720952034
south,7,xgboost,DOY_cos,0.008614354766905308
south,14,xgboost,SST,0.028922153636813164
south,14,xgboost,Climatology,0.004239409696310759
south,14,xgboost,Threshold90,0.006900776643306017
south,14,xgboost,Intensity,0.01525792758911848
south,14,xgboost,SST_Anomaly,0.09525464475154877
south,14,xgboost,Above_Threshold,0.009035267867147923
south,14,xgboost,Distance_to_Threshold,0.030056258663535118
south,14,xgboost,Consecutive_Hot_Days,0.004889076109975576
south,14,xgboost,SST_mean_7d,0.015403388999402523
south,14,xgboost,SST_std_7d,0.0015026277396827936
south,14,xgboost,Intensity_mean_7d,0.01417894009500742
south,14,xgboost,SST_mean_14d,0.008772257715463638
south,14,xgboost,SST_std_14d,0.003479410894215107
south,14,xgboost,Intensity_mean_14d,0.01261368952691555
south,14,xgboost,SST_mean_21d,0.006164259742945433
south,14,xgboost,SST_std_21d,0.0029903892427682877
south,14,xgboost,Intensity_mean_21d,0.0067903283052146435
south,14,xgboost,SST_mean_30d,0.016957320272922516
south,14,xgboost,SST_std_30d,0.0044557275250554085
south,14,xgboost,Intensity_mean_30d,0.012999116443097591
south,14,xgboost,SST_change_7d,0.0028065943624824286
south,14,xgboost,SST_change_14d,0.001105483970604837
south,14,xgboost,Wind,0.010548060759902
south,14,xgboost,Wind_Climatology,0.0017698014853522182
south,14,xgboost,Wind_Anomaly,0.0051753465086221695
south,14,xgboost,Wind_mean_7d,0.0034091253764927387
south,14,xgboost,Wind_anom_mean_7d,0.004277881700545549
south,14,xgboost,Wind_mean_14d,0.003204928245395422
south,14,xgboost,Wind_anom_mean_14d,0.003572604851797223
south,14,xgboost,Wind_mean_21d,0.0036475742235779762
south,14,xgboost,Wind_anom_mean_21d,0.017355186864733696
south,14,xgboost,Wind_mean_30d,0.00447090994566679
south,14,xgboost,Wind_anom_mean_30d,0.020336611196398735
south,14,xgboost,SLHF,0.00798181351274252
south,14,xgboost,SLHF_Anomaly,0.004286768846213818
south,14,xgboost,SLHF_anom_mean_7d,0.0036960109136998653
south,14,xgboost,SLHF_anom_mean_14d,0.0033624088391661644
south,14,xgboost,SLHF_anom_mean_21d,0.005170623306185007
south,14,xgboost,SLHF_anom_mean_30d,0.00942211039364338
south,14,xgboost,SSHF,0.0072585418820381165
south,14,xgboost,SSHF_Anomaly,0.0031686441507190466
south,14,xgboost,SSHF_anom_mean_7d,0.004396191332489252
south,14,xgboost,SSHF_anom_mean_14d,0.00493955472484231
south,14,xgboost,SSHF_anom_mean_21d,0.007380164694041014
south,14,xgboost,SSHF_anom_mean_30d,0.00498997513204813
south,14,xgboost,ONI_0m,0.017164424061775208
south,14,xgboost,DMI_0m,0.019713912159204483
south,14,xgboost,MEI_0m,0.03471832722425461
south,14,xgboost,ONI_1m,0.003980683162808418
south,14,xgboost,DMI_1m,0.01637718454003334
south,14,xgboost,MEI_1m,0.0036200250033289194
south,14,xgboost,ONI_2m,0.014137611724436283
south,14,xgboost,DMI_2m,0.013210443779826164
south,14,xgboost,MEI_2m,0.009128390811383724
south,14,xgboost,ONI_3m,0.12365366518497467
south,14,xgboost,DMI_3m,0.008047026582062244
south,14,xgboost,MEI_3m,0.22547996044158936
south,14,xgboost,ONI_6m,0.029422439634799957
south,14,xgboost,DMI_6m,0.006695966701954603
south,14,xgboost,MEI_6m,0.008946340531110764
south,14,xgboost,DOY_sin,0.00918317586183548
south,14,xgboost,DOY_cos,0.007924570702016354
