Event_ID,Start_Date,ONI_0m,ONI_1m,ONI_2m,ONI_3m,ONI_6m,ENSO_Phase,DMI_0m,DMI_1m,DMI_2m,DMI_3m,DMI_6m,IOD_Phase,IOD_Phase_1m,IOD_Phase_6m,MEI_0m,MEI_1m,MEI_2m,MEI_3m,MEI_6m,MEI_Phase,MEI_Phase_6m
N01,2006-03-06,-0.57,-0.77,-0.85,-0.84,-0.11,La Nina,-0.226,-0.305,-0.135,,,Neutral,Neutral,Unknown,-0.62,-0.49,-0.64,,,La Nina,Unknown
N02,2008-10-13,-0.35,-0.24,-0.23,-0.37,-1.01,Neutral,0.029,0.086,0.124,0.246,-0.153,Neutral,Neutral,Neutral,-1.09,-1.02,-1.01,-0.78,-1.1,La Nina,La Nina
N03,2009-11-14,1.36,1.01,0.71,0.58,0.01,El Nino,-0.067,-0.013,-0.103,-0.104,0.256,Neutral,Neutral,Neutral,1.04,0.56,0.42,0.56,-0.72,El Nino,La Nina
N04,2010-03-16,0.84,1.22,1.5,1.56,0.71,El Nino,0.458,0.023,0.294,0.16,-0.103,Positive,Neutral,Neutral,1.33,1.28,0.93,0.95,0.42,El Nino,Neutral
N05,2014-06-11,0.23,0.31,0.15,-0.14,-0.15,Neutral,-0.028,-0.092,-0.058,-0.151,0.141,Neutral,Neutral,Neutral,0.0,-0.17,-0.17,-0.05,-0.33,Neutral,Neutral
N06,2016-02-18,2.28,2.63,2.75,2.64,1.91,El Nino,-0.11,0.266,0.272,0.347,0.567,Neutral,Neutral,Positive,1.8,1.93,1.93,1.93,1.95,El Nino,El Nino
N07,2016-03-06,1.71,2.28,2.63,2.75,2.21,El Nino,-0.009,-0.11,0.266,0.272,0.294,Neutral,Neutral,Neutral,1.32,1.8,1.93,1.93,2.24,El Nino,El Nino
N08,2016-08-26,-0.5,-0.31,0.0,0.49,2.28,La Nina,-0.444,-0.758,-0.443,-0.113,-0.11,Negative,Negative,Neutral,-0.26,-0.54,0.35,1.24,1.8,Neutral,El Nino
N09,2017-01-01,-0.19,-0.45,-0.6,-0.64,-0.31,Neutral,-0.086,-0.31,-0.382,-0.372,-0.758,Neutral,Neutral,Negative,-0.42,-0.37,-0.47,-0.53,-0.54,Neutral,La Nina
N10,2018-09-29,0.53,0.27,0.14,0.06,-0.57,El Nino,0.604,0.122,0.053,0.155,-0.12,Positive,Neutral,Neutral,0.62,0.47,-0.05,-0.51,-0.8,El Nino,La Nina
N11,2019-06-24,0.52,0.64,0.77,0.84,0.92,El Nino,0.605,0.539,0.258,0.224,0.309,Positive,Positive,Neutral,0.35,0.23,0.3,0.76,0.18,Neutral,Neutral
N12,2019-10-17,0.39,0.23,0.19,0.33,0.77,Neutral,0.964,0.893,0.436,0.597,0.258,Positive,Positive,Neutral,0.31,0.16,0.32,0.3,0.3,Neutral,Neutral
N13,2020-05-11,0.01,0.3,0.53,0.63,0.58,Neutral,0.298,-0.011,0.019,0.054,0.835,Neutral,Neutral,Positive,-0.23,-0.15,0.13,0.26,0.47,Neutral,Neutral
N14,2020-06-24,-0.23,0.01,0.3,0.53,0.66,Neutral,0.454,0.298,-0.011,0.019,0.243,Positive,Neutral,Neutral,-0.68,-0.23,-0.15,0.13,0.36,La Nina,Neutral
N15,2020-07-08,-0.36,-0.23,0.01,0.3,0.64,Neutral,0.32,0.454,0.298,-0.011,0.173,Neutral,Positive,Neutral,-0.94,-0.68,-0.23,-0.15,0.24,La Nina,Neutral
N16,2020-07-25,-0.36,-0.23,0.01,0.3,0.64,Neutral,0.32,0.454,0.298,-0.011,0.173,Neutral,Positive,Neutral,-0.94,-0.68,-0.23,-0.15,0.24,La Nina,Neutral
N17,2020-09-03,-0.85,-0.53,-0.36,-0.23,0.53,La Nina,-0.19,-0.183,0.32,0.454,0.019,Neutral,Neutral,Neutral,-1.15,-0.96,-0.94,-0.68,0.13,La Nina,Neutral
N18,2021-01-07,-0.91,-1.08,-1.2,-1.12,-0.36,La Nina,0.051,0.03,0.02,0.074,0.32,Neutral,Neutral,Neutral,-1.2,-1.14,-1.13,-1.17,-0.94,La Nina,La Nina
N19,2021-05-08,-0.39,-0.55,-0.71,-0.79,-1.2,Neutral,0.009,0.25,0.266,0.243,0.02,Neutral,Neutral,Neutral,-1.07,-0.95,-0.79,-0.96,-1.13,La Nina,La Nina
N20,2021-07-15,-0.35,-0.3,-0.39,-0.55,-0.91,Neutral,-0.228,-0.002,0.009,0.25,0.051,Neutral,Neutral,Neutral,-1.44,-1.05,-1.07,-0.95,-1.2,La Nina,La Nina
N21,2021-08-31,-0.45,-0.35,-0.3,-0.39,-0.79,Neutral,-0.099,-0.228,-0.002,0.009,0.243,Neutral,Neutral,Neutral,-1.29,-1.44,-1.05,-1.07,-0.96,La Nina,La Nina
N22,2021-10-06,-0.76,-0.63,-0.45,-0.35,-0.55,La Nina,-0.091,-0.058,-0.099,-0.228,0.25,Neutral,Neutral,Neutral,-1.46,-1.37,-1.29,-1.44,-0.95,La Nina,La Nina
N23,2021-11-17,-0.91,-0.76,-0.63,-0.45,-0.39,La Nina,0.069,-0.091,-0.058,-0.099,0.009,Neutral,Neutral,Neutral,-1.39,-1.46,-1.37,-1.29,-1.07,La Nina,La Nina
N24,2021-12-03,-0.87,-0.91,-0.76,-0.63,-0.3,La Nina,-0.12,0.069,-0.091,-0.058,-0.002,Neutral,Neutral,Neutral,-1.2,-1.39,-1.46,-1.37,-1.05,La Nina,La Nina
N25,2022-01-01,-0.82,-0.87,-0.91,-0.76,-0.35,La Nina,-0.056,-0.12,0.069,-0.091,-0.228,Neutral,Neutral,Neutral,-1.01,-1.2,-1.39,-1.46,-1.44,La Nina,La Nina
N26,2022-07-27,-0.76,-0.78,-0.9,-0.95,-0.82,La Nina,-0.195,-0.335,-0.122,-0.068,-0.056,Neutral,Neutral,Neutral,-2.17,-1.9,-1.63,-1.6,-1.01,La Nina,La Nina
N27,2022-08-29,-0.87,-0.76,-0.78,-0.9,-0.79,La Nina,-0.246,-0.195,-0.335,-0.122,-0.083,Neutral,Neutral,Neutral,-1.75,-2.17,-1.9,-1.63,-0.98,La Nina,La Nina
N28,2023-01-01,-0.54,-0.71,-0.85,-0.94,-0.76,La Nina,0.109,-0.092,-0.269,-0.691,-0.195,Neutral,Neutral,Neutral,-1.11,-1.27,-1.53,-1.72,-2.17,La Nina,La Nina
N29,2023-04-11,0.27,-0.02,-0.29,-0.54,-0.94,Neutral,0.56,0.415,0.157,0.109,-0.691,Positive,Positive,Negative,-0.36,-0.76,-0.91,-1.11,-1.72,Neutral,La Nina
N30,2023-05-28,0.57,0.27,-0.02,-0.29,-0.85,El Nino,0.443,0.56,0.415,0.157,-0.269,Positive,Positive,Neutral,-0.06,-0.36,-0.76,-0.91,-1.53,Neutral,La Nina
N31,2023-06-30,0.84,0.57,0.27,-0.02,-0.71,El Nino,0.665,0.443,0.56,0.415,-0.092,Positive,Positive,Neutral,0.43,-0.06,-0.36,-0.76,-1.27,Neutral,La Nina
N32,2023-08-30,1.37,1.12,0.84,0.57,-0.29,El Nino,0.825,0.498,0.665,0.443,0.157,Positive,Positive,Neutral,0.51,0.51,0.43,-0.06,-0.91,El Nino,La Nina
N33,2023-10-10,1.83,1.6,1.37,1.12,0.27,El Nino,0.804,0.946,0.825,0.498,0.56,Positive,Positive,Positive,0.48,0.69,0.51,0.51,-0.36,Neutral,Neutral
N34,2023-11-03,1.99,1.83,1.6,1.37,0.57,El Nino,0.92,0.804,0.946,0.825,0.443,Positive,Positive,Positive,0.91,0.48,0.69,0.51,-0.06,El Nino,Neutral
N35,2023-12-03,2.06,1.99,1.83,1.6,0.84,El Nino,0.851,0.92,0.804,0.946,0.665,Positive,Positive,Positive,1.13,0.91,0.48,0.69,0.43,El Nino,Neutral
N36,2024-04-07,0.82,1.26,1.62,1.92,1.83,El Nino,0.44,0.421,0.328,0.765,0.804,Positive,Positive,Positive,0.34,0.78,0.68,0.7,0.48,Neutral,Neutral
N37,2024-05-30,0.49,0.82,1.26,1.62,1.99,Neutral,0.297,0.44,0.421,0.328,0.92,Neutral,Positive,Positive,0.12,0.34,0.78,0.68,0.91,Neutral,El Nino
N38,2024-10-07,-0.21,-0.17,-0.07,0.08,0.82,Neutral,-0.196,0.115,0.267,0.033,0.44,Neutral,Neutral,Positive,-0.51,-0.65,-0.73,-0.72,0.34,La Nina,Neutral
N39,2024-10-30,-0.21,-0.17,-0.07,0.08,0.82,Neutral,-0.196,0.115,0.267,0.033,0.44,Neutral,Neutral,Positive,-0.51,-0.65,-0.73,-0.72,0.34,La Nina,Neutral
N40,2024-11-10,-0.3,-0.21,-0.17,-0.07,0.49,Neutral,-0.383,-0.196,0.115,0.267,0.297,Neutral,Neutral,Neutral,-0.68,-0.51,-0.65,-0.73,0.12,La Nina,Neutral
N41,2024-11-30,-0.3,-0.21,-0.17,-0.07,0.49,Neutral,-0.383,-0.196,0.115,0.267,0.297,Neutral,Neutral,Neutral,-0.68,-0.51,-0.65,-0.73,0.12,La Nina,Neutral
N42,2025-01-01,-0.45,-0.42,-0.3,-0.21,0.08,Neutral,-0.196,-0.331,-0.383,-0.196,0.033,Neutral,Neutral,Neutral,-1.0,-0.91,-0.68,-0.51,-0.72,La Nina,La Nina
N43,2025-01-22,-0.45,-0.42,-0.3,-0.21,0.08,Neutral,-0.196,-0.331,-0.383,-0.196,0.033,Neutral,Neutral,Neutral,-1.0,-0.91,-0.68,-0.51,-0.72,La Nina,La Nina
N44,2025-03-29,-0.06,-0.24,-0.45,-0.42,-0.17,Neutral,0.059,0.017,-0.196,-0.331,0.115,Neutral,Neutral,Neutral,-0.68,-0.83,-1.0,-0.91,-0.65,La Nina,La Nina
N45,2025-05-12,-0.02,0.02,-0.06,-0.24,-0.3,Neutral,,0.149,0.059,0.017,-0.383,Unknown,Neutral,Neutral,-0.36,-0.38,-0.68,-0.83,-0.68,Neutral,La Nina
N46,2025-07-19,-0.14,-0.04,-0.02,0.02,-0.45,Neutral,,,,0.149,-0.196,Unknown,Unknown,Neutral,-1.22,-1.17,-0.36,-0.38,-1.0,La Nina,La Nina
N47,2025-08-03,-0.28,-0.14,-0.04,-0.02,-0.24,Neutral,,,,,0.017,Unknown,Unknown,Neutral,-0.87,-1.22,-1.17,-0.36,-0.83,La Nina,La Nina
N48,2025-09-17,-0.4,-0.28,-0.14,-0.04,-0.06,Neutral,,,,,0.059,Unknown,Unknown,Neutral,-1.12,-0.87,-1.22,-1.17,-0.68,La Nina,La Nina
N49,2025-10-19,-0.51,-0.4,-0.28,-0.14,0.02,La Nina,,,,,0.149,Unknown,Unknown,Neutral,-1.19,-1.12,-0.87,-1.22,-0.38,La Nina,Neutral
