Region,Event_ID,Year,Season,Start_Date,End_Date,Duration_Days,Mean_SST_C,Max_SST_C,Min_SST_C,SST_Range_C,Mean_Threshold_C,Mean_SST_Above_Threshold_C,Mean_Intensity_C,Max_Intensity_C,ONI_0m,ONI_1m,ONI_2m,ONI_3m,ONI_6m,ENSO_Phase,DMI_0m,DMI_1m,DMI_2m,DMI_3m,DMI_6m,IOD_Phase,IOD_Phase_1m,IOD_Phase_6m,MEI_0m,MEI_1m,MEI_2m,MEI_3m,MEI_6m,MEI_Phase,MEI_Phase_6m,Wind_30d_Before_ms,Wind_21d_Before_ms,Wind_14d_Before_ms,Wind_7d_Before_ms,Wind_During_ms,Wind_Change_30d_ms,Wind_Change_21d_ms,Wind_Change_14d_ms,Wind_Change_7d_ms,Wind_Climatology_ms,Wind_Anomaly_ms,Wind_Classification,Weak_Wind_Event,SLHF_Climatology_Wm2,SLHF_During_Wm2,SLHF_Anomaly_Wm2,SSHF_Climatology_Wm2,SSHF_During_Wm2,SSHF_Anomaly_Wm2,Reduced_Latent_Heat_Loss,Reduced_Sensible_Heat_Loss
North,N01,2006,Pre-Monsoon,2006-03-06,2006-03-11,6,27.8354,27.9896,27.6539,0.3357,27.7654,0.07,0.07,0.1419,-0.57,-0.77,-0.85,-0.84,-0.11,La Nina,-0.226,-0.305,-0.135,,,Neutral,Neutral,Unknown,-0.62,-0.49,-0.64,,,La Nina,Unknown,2.5032,2.5592,2.5597,2.5323,2.3745,-0.1287,-0.1847,-0.1852,-0.1578,2.6492,-0.2747,Weak,True,-269298.38,-268873.06,425.3125,-155890.48,-157532.97,-1642.4844,True,False
North,N02,2008,Post-Monsoon,2008-10-13,2008-10-18,6,29.9361,29.9529,29.9215,0.0314,29.9118,0.0242,0.0242,0.056,-0.35,-0.24,-0.23,-0.37,-1.01,Neutral,0.029,0.086,0.124,0.246,-0.153,Neutral,Neutral,Neutral,-1.09,-1.02,-1.01,-0.78,-1.1,La Nina,La Nina,2.8678,2.3828,1.8744,1.9118,1.9908,-0.877,-0.392,0.1164,0.079,2.0582,-0.0674,Weak,True,-367538.56,-384420.28,-16881.719,-56753.637,-67343.37,-10589.73,False,False
North,N03,2009,Post-Monsoon,2009-11-14,2009-11-20,7,29.0537,29.1297,28.892,0.2377,28.9674,0.0864,0.0864,0.1619,1.36,1.01,0.71,0.58,0.01,El Nino,-0.067,-0.013,-0.103,-0.104,0.256,Neutral,Neutral,Neutral,1.04,0.56,0.42,0.56,-0.72,El Nino,La Nina,2.3661,2.5114,2.5944,2.2941,2.0668,-0.2993,-0.4446,-0.5276,-0.2274,2.7239,-0.6572,Weak,True,-352312.62,-276458.34,75854.28,-68642.5,-74311.55,-5669.047,True,False
North,N04,2010,Pre-Monsoon,2010-03-16,2010-03-22,7,28.3609,28.501,28.1648,0.3363,28.3066,0.0543,0.0543,0.1173,0.84,1.22,1.5,1.56,0.71,El Nino,0.458,0.023,0.294,0.16,-0.103,Positive,Neutral,Neutral,1.33,1.28,0.93,0.95,0.42,El Nino,Neutral,2.7316,2.8483,2.9318,2.6873,2.552,-0.1796,-0.2963,-0.3799,-0.1353,2.6838,-0.1318,Weak,True,-269298.38,-289165.9,-19867.531,-155890.48,-167608.64,-11718.156,False,False
North,N05,2014,SW Monsoon,2014-06-11,2014-06-19,9,30.5661,30.743,30.2577,0.4853,30.295,0.2711,0.2711,0.4585,0.23,0.31,0.15,-0.14,-0.15,Neutral,-0.028,-0.092,-0.058,-0.151,0.141,Neutral,Neutral,Neutral,0.0,-0.17,-0.17,-0.05,-0.33,Neutral,Neutral,3.1976,3.3215,3.1426,3.1533,3.5708,0.3732,0.2492,0.4282,0.4175,4.0488,-0.478,Weak,True,-378367.0,-334150.2,44216.812,-79566.28,-87088.02,-7521.742,True,False
North,N06,2016,Winter,2016-02-18,2016-03-03,15,27.3252,27.557,26.8035,0.7536,27.1088,0.2164,0.2164,0.4011,2.28,2.63,2.75,2.64,1.91,El Nino,-0.11,0.266,0.272,0.347,0.567,Neutral,Neutral,Positive,1.8,1.93,1.93,1.93,1.95,El Nino,El Nino,2.4934,2.3475,2.3719,2.3717,2.3813,-0.1121,0.0338,0.0094,0.0096,2.6393,-0.258,Weak,True,-279213.22,-251446.75,27766.469,-120060.84,-129738.48,-9677.633,True,False
North,N07,2016,Pre-Monsoon,2016-03-06,2016-03-28,23,28.4075,28.9888,27.7044,1.2844,28.2525,0.155,0.155,0.3465,1.71,2.28,2.63,2.75,2.21,El Nino,-0.009,-0.11,0.266,0.272,0.294,Neutral,Neutral,Neutral,1.32,1.8,1.93,1.93,2.24,El Nino,El Nino,2.3602,2.359,2.3488,2.2014,2.7029,0.3427,0.344,0.3541,0.5015,2.6832,0.0197,Strong,False,-269298.38,-271059.16,-1760.7812,-155890.48,-164194.58,-8304.094,False,False
North,N08,2016,SW Monsoon,2016-08-26,2016-08-30,5,29.6572,29.7129,29.6074,0.1055,29.6065,0.0507,0.0507,0.1038,-0.5,-0.31,0.0,0.49,2.28,La Nina,-0.444,-0.758,-0.443,-0.113,-0.11,Negative,Negative,Neutral,-0.26,-0.54,0.35,1.24,1.8,Neutral,El Nino,3.7988,3.8686,3.6235,2.7099,2.4043,-1.3946,-1.4644,-1.2192,-0.3056,3.2695,-0.8652,Weak,True,-363422.8,-386832.88,-23410.062,-44727.9,-65785.24,-21057.344,False,False
North,N09,2017,Winter,2017-01-01,2017-01-07,7,26.6326,26.7184,26.496,0.2225,26.486,0.1466,0.1466,0.2062,-0.19,-0.45,-0.6,-0.64,-0.31,Neutral,-0.086,-0.31,-0.382,-0.372,-0.758,Neutral,Neutral,Negative,-0.42,-0.37,-0.47,-0.53,-0.54,Neutral,La Nina,2.7396,2.5637,2.3946,2.5312,2.9761,0.2366,0.4124,0.5815,0.4449,2.8039,0.1722,Strong,False,-318099.56,-296671.12,21428.438,-97663.16,-83452.41,14210.75,True,True
North,N10,2018,SW Monsoon,2018-09-29,2018-10-07,9,30.1575,30.3525,29.9059,0.4465,29.8964,0.2612,0.2612,0.4352,0.53,0.27,0.14,0.06,-0.57,El Nino,0.604,0.122,0.053,0.155,-0.12,Positive,Neutral,Neutral,0.62,0.47,-0.05,-0.51,-0.8,El Nino,La Nina,2.9053,2.418,2.3461,1.7801,1.5115,-1.3937,-0.9065,-0.8346,-0.2685,2.406,-0.8945,Weak,True,-368874.97,-355655.7,13219.281,-50193.12,-54957.367,-4764.246,True,False
North,N11,2019,SW Monsoon,2019-06-24,2019-06-29,6,30.1321,30.1948,30.0281,0.1667,30.0549,0.0772,0.0772,0.1073,0.52,0.64,0.77,0.84,0.92,El Nino,0.605,0.539,0.258,0.224,0.309,Positive,Positive,Neutral,0.35,0.23,0.3,0.76,0.18,Neutral,Neutral,3.5963,3.6645,3.8475,3.4402,3.3859,-0.2104,-0.2786,-0.4616,-0.0543,3.906,-0.5201,Weak,True,-378367.0,-431175.9,-52808.906,-79566.28,-78009.34,1556.9375,False,True
North,N12,2019,Post-Monsoon,2019-10-17,2019-10-31,15,30.1015,30.4622,29.652,0.8102,29.7854,0.3161,0.3161,0.6211,0.39,0.23,0.19,0.33,0.77,Neutral,0.964,0.893,0.436,0.597,0.258,Positive,Positive,Neutral,0.31,0.16,0.32,0.3,0.3,Neutral,Neutral,2.0052,1.8764,1.7662,1.8275,2.1649,0.1597,0.2885,0.3986,0.3373,2.4049,-0.24,Weak,True,-367538.56,-348989.3,18549.25,-56753.637,-65500.04,-8746.402,True,False
North,N13,2020,Pre-Monsoon,2020-05-11,2020-05-17,7,31.0093,31.1195,30.8417,0.2778,30.7865,0.2228,0.2228,0.3225,0.01,0.3,0.53,0.63,0.58,Neutral,0.298,-0.011,0.019,0.054,0.835,Neutral,Neutral,Positive,-0.23,-0.15,0.13,0.26,0.47,Neutral,Neutral,2.6349,2.5454,2.3999,2.5652,2.3777,-0.2571,-0.1677,-0.0222,-0.1874,3.1617,-0.7839,Weak,True,-341668.0,-355223.28,-13555.281,-140003.42,-165094.58,-25091.156,False,False
North,N14,2020,SW Monsoon,2020-06-24,2020-07-05,12,30.0749,30.1744,29.8863,0.2881,29.9745,0.1004,0.1004,0.2049,-0.23,0.01,0.3,0.53,0.66,Neutral,0.454,0.298,-0.011,0.019,0.243,Positive,Neutral,Neutral,-0.68,-0.23,-0.15,0.13,0.36,La Nina,Neutral,3.5329,3.6299,3.9867,3.988,3.2231,-0.3098,-0.4067,-0.7635,-0.7649,4.0621,-0.839,Weak,True,-378367.0,-393291.75,-14924.75,-79566.28,-74935.125,4631.1562,False,True
North,N15,2020,SW Monsoon,2020-07-08,2020-07-13,6,29.8906,29.9407,29.8452,0.0955,29.8112,0.0794,0.0794,0.1496,-0.36,-0.23,0.01,0.3,0.64,Neutral,0.32,0.454,0.298,-0.011,0.173,Neutral,Positive,Neutral,-0.94,-0.68,-0.23,-0.15,0.24,La Nina,Neutral,3.6461,3.632,3.454,4.0131,3.6752,0.0291,0.0432,0.2211,-0.3379,3.9852,-0.3101,Weak,True,-380047.16,-383819.6,-3772.4375,-45231.875,-58379.348,-13147.473,False,False
North,N16,2020,SW Monsoon,2020-07-25,2020-08-13,20,29.9177,30.1966,29.6359,0.5607,29.6693,0.2484,0.2484,0.5034,-0.36,-0.23,0.01,0.3,0.64,Neutral,0.32,0.454,0.298,-0.011,0.173,Neutral,Positive,Neutral,-0.94,-0.68,-0.23,-0.15,0.24,La Nina,Neutral,3.5182,3.6654,3.4651,3.334,3.3772,-0.141,-0.2882,-0.0879,0.0432,3.9974,-0.6202,Weak,True,-380047.16,-381078.1,-1030.9375,-45231.875,-60636.75,-15404.875,False,False
North,N17,2020,SW Monsoon,2020-09-03,2020-09-23,21,30.1402,30.3471,29.8088,0.5383,29.7277,0.4125,0.4125,0.6591,-0.85,-0.53,-0.36,-0.23,0.53,La Nina,-0.19,-0.183,0.32,0.454,0.019,Neutral,Neutral,Neutral,-1.15,-0.96,-0.94,-0.68,0.13,La Nina,Neutral,4.068,4.034,3.4711,2.6786,2.577,-1.491,-1.457,-0.894,-0.1016,3.0937,-0.5167,Weak,True,-368874.97,-404071.34,-35196.375,-50193.12,-50638.406,-445.2852,False,False
North,N18,2021,Winter,2021-01-07,2021-01-29,23,26.4558,26.7132,26.2387,0.4744,26.3366,0.1192,0.1192,0.313,-0.91,-1.08,-1.2,-1.12,-0.36,La Nina,0.051,0.03,0.02,0.074,0.32,Neutral,Neutral,Neutral,-1.2,-1.14,-1.13,-1.17,-0.94,La Nina,La Nina,2.8374,2.9507,2.903,2.7155,2.498,-0.3394,-0.4527,-0.405,-0.2175,2.7046,-0.2066,Weak,True,-318099.56,-279054.2,39045.375,-97663.16,-101483.28,-3820.125,True,False
North,N19,2021,Pre-Monsoon,2021-05-08,2021-05-23,16,31.0159,31.2479,30.7491,0.4988,30.7662,0.2497,0.2497,0.4773,-0.39,-0.55,-0.71,-0.79,-1.2,Neutral,0.009,0.25,0.266,0.243,0.02,Neutral,Neutral,Neutral,-1.07,-0.95,-0.79,-0.96,-1.13,La Nina,La Nina,2.5687,2.6147,2.5497,2.327,2.7188,0.1501,0.1041,0.1691,0.3918,3.2851,-0.5663,Weak,True,-341668.0,-363233.66,-21565.656,-140003.42,-161934.56,-21931.14,False,False
North,N20,2021,SW Monsoon,2021-07-15,2021-07-20,6,29.786,29.8118,29.7585,0.0532,29.7543,0.0316,0.0316,0.0484,-0.35,-0.3,-0.39,-0.55,-0.91,Neutral,-0.228,-0.002,0.009,0.25,0.051,Neutral,Neutral,Neutral,-1.44,-1.05,-1.07,-0.95,-1.2,La Nina,La Nina,3.6924,3.4127,3.3139,3.2082,2.8982,-0.7942,-0.5144,-0.4156,-0.3099,3.9484,-1.0502,Weak,True,-380047.16,-409414.38,-29367.219,-45231.875,-73909.5,-28677.625,False,False
North,N21,2021,SW Monsoon,2021-08-31,2021-09-05,6,29.7917,29.8988,29.6479,0.2509,29.6337,0.158,0.158,0.2707,-0.45,-0.35,-0.3,-0.39,-0.79,Neutral,-0.099,-0.228,-0.002,0.009,0.243,Neutral,Neutral,Neutral,-1.29,-1.44,-1.05,-1.07,-0.96,La Nina,La Nina,3.4248,3.2164,3.1829,3.1577,2.0707,-1.3541,-1.1457,-1.1122,-1.087,3.1813,-1.1106,Weak,True,-363422.8,-352949.53,10473.281,-44727.9,-65673.25,-20945.352,True,False
North,N22,2021,Post-Monsoon,2021-10-06,2021-10-12,7,30.0854,30.2483,29.9345,0.3138,29.9402,0.1451,0.1451,0.2998,-0.76,-0.63,-0.45,-0.35,-0.55,La Nina,-0.091,-0.058,-0.099,-0.228,0.25,Neutral,Neutral,Neutral,-1.46,-1.37,-1.29,-1.44,-0.95,La Nina,La Nina,2.9348,2.5015,2.4013,1.9658,1.5919,-1.3428,-0.9095,-0.8094,-0.3739,2.3839,-0.792,Weak,True,-367538.56,-366375.94,1162.625,-56753.637,-62285.77,-5532.133,True,False
North,N23,2021,Post-Monsoon,2021-11-17,2021-11-28,12,28.8078,28.9682,28.5492,0.419,28.7443,0.0636,0.0636,0.0939,-0.91,-0.76,-0.63,-0.45,-0.39,La Nina,0.069,-0.091,-0.058,-0.099,0.009,Neutral,Neutral,Neutral,-1.39,-1.46,-1.37,-1.29,-1.07,La Nina,La Nina,2.3822,2.4354,2.5767,2.5194,2.5893,0.2071,0.1539,0.0126,0.07,2.6671,-0.0778,Weak,True,-352312.62,-311796.1,40516.53,-68642.5,-61879.117,6763.383,True,True
North,N24,2021,Winter,2021-12-03,2021-12-15,13,28.1258,28.3176,27.6928,0.6248,27.9655,0.1603,0.1603,0.2476,-0.87,-0.91,-0.76,-0.63,-0.3,La Nina,-0.12,0.069,-0.091,-0.058,-0.002,Neutral,Neutral,Neutral,-1.2,-1.39,-1.46,-1.37,-1.05,La Nina,La Nina,2.6622,2.6453,2.6865,2.9911,3.0801,0.4179,0.4347,0.3936,0.0889,2.7281,0.3519,Strong,False,-335458.38,-356430.8,-20972.438,-82355.3,-79929.75,2425.5469,False,True
North,N25,2022,Winter,2022-01-01,2022-01-06,6,26.5944,26.7232,26.477,0.2461,26.4914,0.103,0.103,0.2028,-0.82,-0.87,-0.91,-0.76,-0.35,La Nina,-0.056,-0.12,0.069,-0.091,-0.228,Neutral,Neutral,Neutral,-1.01,-1.2,-1.39,-1.46,-1.44,La Nina,La Nina,2.8722,2.824,2.6151,2.7751,2.8975,0.0253,0.0735,0.2823,0.1224,2.795,0.1025,Strong,False,-318099.56,-399283.3,-81183.75,-97663.16,-95623.36,2039.7969,False,True
North,N26,2022,SW Monsoon,2022-07-27,2022-08-08,13,30.1115,30.4785,29.6739,0.8045,29.6844,0.4271,0.4271,0.7918,-0.76,-0.78,-0.9,-0.95,-0.82,La Nina,-0.195,-0.335,-0.122,-0.068,-0.056,Neutral,Neutral,Neutral,-2.17,-1.9,-1.63,-1.6,-1.01,La Nina,La Nina,3.7465,3.9713,3.6965,2.932,2.5068,-1.2397,-1.4644,-1.1897,-0.4252,4.0952,-1.5884,Weak,True,-380047.16,-413433.12,-33385.97,-45231.875,-67675.03,-22443.156,False,False
North,N27,2022,SW Monsoon,2022-08-29,2022-09-11,14,30.1444,30.3816,29.7547,0.6269,29.6533,0.491,0.491,0.7156,-0.87,-0.76,-0.78,-0.9,-0.79,La Nina,-0.246,-0.195,-0.335,-0.122,-0.083,Neutral,Neutral,Neutral,-1.75,-2.17,-1.9,-1.63,-0.98,La Nina,La Nina,3.5173,3.8442,3.2341,2.3992,2.3786,-1.1387,-1.4656,-0.8555,-0.0206,3.1774,-0.7988,Weak,True,-363422.8,-407343.34,-43920.53,-44727.9,-69480.99,-24753.094,False,False
North,N28,2023,Winter,2023-01-01,2023-01-06,6,26.6411,26.7692,26.4948,0.2743,26.4914,0.1497,0.1497,0.2488,-0.54,-0.71,-0.85,-0.94,-0.76,La Nina,0.109,-0.092,-0.269,-0.691,-0.195,Neutral,Neutral,Neutral,-1.11,-1.27,-1.53,-1.72,-2.17,La Nina,La Nina,2.6868,2.5515,2.5187,2.0801,3.1686,0.4818,0.6171,0.6499,1.0886,2.795,0.3736,Strong,False,-318099.56,-325427.75,-7328.1875,-97663.16,-86329.65,11333.508,False,True
North,N29,2023,Pre-Monsoon,2023-04-11,2023-05-11,31,30.4386,31.1948,29.5226,1.6723,30.1855,0.2531,0.2531,0.4869,0.27,-0.02,-0.29,-0.54,-0.94,Neutral,0.56,0.415,0.157,0.109,-0.691,Positive,Positive,Negative,-0.36,-0.76,-0.91,-1.11,-1.72,Neutral,La Nina,2.5308,2.6297,2.7468,2.684,2.684,0.1532,0.0543,-0.0628,-0.0,3.0609,-0.3768,Weak,True,-300678.28,-298477.34,2200.9375,-171484.9,-167420.16,4064.75,True,True
North,N30,2023,Pre-Monsoon,2023-05-28,2023-06-21,25,30.6239,30.9393,30.1925,0.7468,30.4298,0.1941,0.1941,0.3889,0.57,0.27,-0.02,-0.29,-0.85,El Nino,0.443,0.56,0.415,0.157,-0.269,Positive,Positive,Neutral,-0.06,-0.36,-0.76,-0.91,-1.53,Neutral,La Nina,3.2058,3.5461,3.6014,3.4271,3.4149,0.2091,-0.1312,-0.1865,-0.0122,3.7278,-0.3129,Weak,True,-341668.0,-344513.03,-2845.0312,-140003.42,-114528.91,25474.516,False,True
North,N31,2023,SW Monsoon,2023-06-30,2023-07-06,7,30.1131,30.253,29.8853,0.3677,29.9252,0.1879,0.1879,0.3152,0.84,0.57,0.27,-0.02,-0.71,El Nino,0.665,0.443,0.56,0.415,-0.092,Positive,Positive,Neutral,0.43,-0.06,-0.36,-0.76,-1.27,Neutral,La Nina,3.702,4.0216,3.9701,4.0345,3.2956,-0.4064,-0.726,-0.6745,-0.7389,4.1403,-0.8447,Weak,True,-378367.0,-367319.16,11047.844,-79566.28,-75801.055,3765.2266,True,True
North,N32,2023,SW Monsoon,2023-08-30,2023-09-03,5,29.6955,29.7475,29.635,0.1125,29.6218,0.0737,0.0737,0.133,1.37,1.12,0.84,0.57,-0.29,El Nino,0.825,0.498,0.665,0.443,0.157,Positive,Positive,Neutral,0.51,0.51,0.43,-0.06,-0.91,El Nino,La Nina,3.9203,3.4086,3.5185,3.6612,2.2481,-1.6723,-1.1605,-1.2704,-1.4131,3.069,-0.8209,Weak,True,-363422.8,-371404.9,-7982.0938,-44727.9,-62939.395,-18211.496,False,False
North,N33,2023,Post-Monsoon,2023-10-10,2023-10-21,12,30.0807,30.2073,29.9119,0.2954,29.9154,0.1653,0.1653,0.272,1.83,1.6,1.37,1.12,0.27,El Nino,0.804,0.946,0.825,0.498,0.56,Positive,Positive,Positive,0.48,0.69,0.51,0.51,-0.36,Neutral,Neutral,3.1499,2.9942,2.9816,3.0834,1.8943,-1.2556,-1.0999,-1.0873,-1.1891,2.1969,-0.3026,Weak,True,-367538.56,-371797.06,-4258.5,-56753.637,-51948.535,4805.1016,False,True
North,N34,2023,Post-Monsoon,2023-11-03,2023-11-09,7,29.5102,29.6306,29.2971,0.3335,29.3957,0.1145,0.1145,0.169,1.99,1.83,1.6,1.37,0.57,El Nino,0.92,0.804,0.946,0.825,0.443,Positive,Positive,Positive,0.91,0.48,0.69,0.51,-0.06,El Nino,Neutral,2.3176,2.2524,2.4241,2.2189,2.2834,-0.0342,0.031,-0.1407,0.0646,2.5112,-0.2278,Weak,True,-352312.62,-378880.38,-26567.75,-68642.5,-63414.73,5227.7695,False,True
North,N35,2023,Winter,2023-12-03,2023-12-09,7,28.2169,28.2784,28.0513,0.2271,28.123,0.0939,0.0939,0.1664,2.06,1.99,1.83,1.6,0.84,El Nino,0.851,0.92,0.804,0.946,0.665,Positive,Positive,Positive,1.13,0.91,0.48,0.69,0.43,El Nino,Neutral,2.7108,2.8471,2.7682,2.8568,2.6878,-0.023,-0.1593,-0.0804,-0.1689,2.7858,-0.098,Weak,True,-335458.38,-231637.36,103821.016,-82355.3,-44103.348,38251.95,True,True
North,N36,2024,Pre-Monsoon,2024-04-07,2024-05-25,49,30.6188,31.6828,29.3548,2.3281,30.3151,0.3037,0.3037,0.9122,0.82,1.26,1.62,1.92,1.83,El Nino,0.44,0.421,0.328,0.765,0.804,Positive,Positive,Positive,0.34,0.78,0.68,0.7,0.48,Neutral,Neutral,2.9398,2.9419,3.0259,3.2898,3.0799,0.1401,0.138,0.054,-0.2099,3.1587,-0.0788,Weak,True,-300678.28,-312768.88,-12090.594,-171484.9,-161331.17,10153.734,False,True
North,N37,2024,Pre-Monsoon,2024-05-30,2024-06-06,8,30.6745,30.9096,30.5043,0.4052,30.5522,0.1223,0.1223,0.2884,0.49,0.82,1.26,1.62,1.99,Neutral,0.297,0.44,0.421,0.328,0.92,Neutral,Positive,Positive,0.12,0.34,0.78,0.68,0.91,Neutral,El Nino,3.3867,3.2581,3.6702,4.7175,3.3714,-0.0152,0.1133,-0.2988,-1.3461,3.3137,0.0578,Strong,False,-341668.0,-343545.06,-1877.0625,-140003.42,-93294.945,46708.477,False,True
North,N38,2024,Post-Monsoon,2024-10-07,2024-10-22,16,30.2613,30.4691,29.9067,0.5623,29.9082,0.3531,0.3531,0.584,-0.21,-0.17,-0.07,0.08,0.82,Neutral,-0.196,0.115,0.267,0.033,0.44,Neutral,Neutral,Positive,-0.51,-0.65,-0.73,-0.72,0.34,La Nina,Neutral,3.1876,2.6356,2.8051,2.6881,2.0043,-1.1833,-0.6313,-0.8008,-0.6838,2.257,-0.2527,Weak,True,-367538.56,-405940.0,-38401.438,-56753.637,-59617.37,-2863.7344,False,False
North,N39,2024,Post-Monsoon,2024-10-30,2024-11-08,10,29.5158,29.6548,29.2977,0.3571,29.4484,0.0674,0.0674,0.1231,-0.21,-0.17,-0.07,0.08,0.82,Neutral,-0.196,0.115,0.267,0.033,0.44,Neutral,Neutral,Positive,-0.51,-0.65,-0.73,-0.72,0.34,La Nina,Neutral,2.4795,2.4939,2.7583,3.1417,2.2207,-0.2589,-0.2732,-0.5377,-0.921,2.4475,-0.2268,Weak,True,-367538.56,-377471.9,-9933.344,-56753.637,-59248.58,-2494.9414,False,False
North,N40,2024,Post-Monsoon,2024-11-10,2024-11-17,8,29.1849,29.2815,28.9378,0.3437,29.0671,0.1177,0.1177,0.2126,-0.3,-0.21,-0.17,-0.07,0.49,Neutral,-0.383,-0.196,0.115,0.267,0.297,Neutral,Neutral,Neutral,-0.68,-0.51,-0.65,-0.73,0.12,La Nina,Neutral,2.5202,2.7379,2.3087,2.7395,2.5772,0.057,-0.1607,0.2685,-0.1623,2.6601,-0.0829,Weak,True,-352312.62,-412863.16,-60550.53,-68642.5,-71014.984,-2372.4844,False,False
North,N41,2024,Post-Monsoon,2024-11-30,2024-12-12,13,28.19,28.437,27.8045,0.6325,28.069,0.121,0.121,0.2257,-0.3,-0.21,-0.17,-0.07,0.49,Neutral,-0.383,-0.196,0.115,0.267,0.297,Neutral,Neutral,Neutral,-0.68,-0.51,-0.65,-0.73,0.12,La Nina,Neutral,2.695,2.8158,2.8968,3.2536,2.8145,0.1196,-0.0013,-0.0823,-0.4391,2.7302,0.0843,Strong,False,-352312.62,-300720.88,51591.75,-68642.5,-66267.65,2374.8516,True,True
North,N42,2025,Winter,2025-01-01,2025-01-19,19,26.5728,26.9598,26.3452,0.6145,26.4272,0.1456,0.1456,0.4394,-0.45,-0.42,-0.3,-0.21,0.08,Neutral,-0.196,-0.331,-0.383,-0.196,0.033,Neutral,Neutral,Neutral,-1.0,-0.91,-0.68,-0.51,-0.72,La Nina,La Nina,3.0601,3.2412,3.1881,3.1761,2.6912,-0.3689,-0.55,-0.4969,-0.4849,2.7355,-0.0443,Weak,True,-318099.56,-374223.16,-56123.594,-97663.16,-103937.195,-6274.039,False,False
North,N43,2025,Winter,2025-01-22,2025-03-23,61,27.2937,28.5218,26.2957,2.2261,27.0665,0.2273,0.2273,0.4837,-0.45,-0.42,-0.3,-0.21,0.08,Neutral,-0.196,-0.331,-0.383,-0.196,0.033,Neutral,Neutral,Neutral,-1.0,-0.91,-0.68,-0.51,-0.72,La Nina,La Nina,2.8445,2.694,2.8966,2.8717,2.56,-0.2845,-0.134,-0.3366,-0.3117,2.6634,-0.1035,Weak,True,-318099.56,-271360.72,46738.844,-97663.16,-130841.25,-33178.094,True,False
North,N44,2025,Pre-Monsoon,2025-03-29,2025-04-07,10,29.1483,29.3494,28.9203,0.4292,29.0265,0.1219,0.1219,0.1991,-0.06,-0.24,-0.45,-0.42,-0.17,Neutral,0.059,0.017,-0.196,-0.331,0.115,Neutral,Neutral,Neutral,-0.68,-0.83,-1.0,-0.91,-0.65,La Nina,La Nina,2.7436,2.8029,2.8434,2.833,2.5991,-0.1445,-0.2039,-0.2444,-0.2339,3.0108,-0.4118,Weak,True,-269298.38,-279624.2,-10325.8125,-155890.48,-187694.4,-31803.922,False,False
North,N45,2025,Pre-Monsoon,2025-05-12,2025-05-18,7,30.9286,31.0135,30.8006,0.2128,30.7865,0.1421,0.1421,0.2211,-0.02,0.02,-0.06,-0.24,-0.3,Neutral,,0.149,0.059,0.017,-0.383,Unknown,Neutral,Neutral,-0.36,-0.38,-0.68,-0.83,-0.68,Neutral,La Nina,2.6027,2.6849,2.3968,2.5504,2.4871,-0.1155,-0.1978,0.0903,-0.0632,3.1617,-0.6745,Weak,True,-341668.0,-348775.4,-7107.4062,-140003.42,-116099.99,23903.43,False,True
North,N46,2025,SW Monsoon,2025-07-19,2025-07-23,5,29.9223,29.9785,29.8235,0.1551,29.7423,0.18,0.18,0.2362,-0.14,-0.04,-0.02,0.02,-0.45,Neutral,,,,0.149,-0.196,Unknown,Unknown,Neutral,-1.22,-1.17,-0.36,-0.38,-1.0,La Nina,La Nina,4.1481,4.0963,3.7686,2.993,2.845,-1.3031,-1.2512,-0.9235,-0.148,4.1505,-1.3054,Weak,True,-380047.16,-425160.8,-45113.656,-45231.875,-54248.92,-9017.047,False,False
North,N47,2025,SW Monsoon,2025-08-03,2025-08-17,15,29.8998,30.1012,29.6792,0.422,29.6378,0.262,0.262,0.4766,-0.28,-0.14,-0.04,-0.02,-0.24,Neutral,,,,,0.017,Unknown,Unknown,Neutral,-0.87,-1.22,-1.17,-0.36,-0.83,La Nina,La Nina,3.9303,3.7378,4.1695,4.0429,2.9621,-0.9682,-0.7757,-1.2074,-1.0808,3.901,-0.9389,Weak,True,-363422.8,-383099.12,-19676.312,-44727.9,-52835.984,-8108.086,False,False
North,N48,2025,SW Monsoon,2025-09-17,2025-09-21,5,29.9256,29.9697,29.8511,0.1186,29.7647,0.1609,0.1609,0.2049,-0.4,-0.28,-0.14,-0.04,-0.06,Neutral,,,,,0.059,Unknown,Unknown,Neutral,-1.12,-0.87,-1.22,-1.17,-0.68,La Nina,La Nina,3.1345,2.712,2.4267,2.3574,1.93,-1.2045,-0.782,-0.4967,-0.4274,3.0428,-1.1128,Weak,True,,,,,,,False,False
North,N49,2025,Post-Monsoon,2025-10-19,2025-11-03,16,29.8707,30.0104,29.547,0.4633,29.7241,0.1466,0.1466,0.2871,-0.51,-0.4,-0.28,-0.14,0.02,La Nina,,,,,0.149,Unknown,Unknown,Neutral,-1.19,-1.12,-0.87,-1.22,-0.38,La Nina,Neutral,2.5477,2.3848,1.9393,1.8227,2.7062,0.1585,0.3214,0.7669,0.8835,2.4284,0.2778,Strong,False,-367538.56,-362516.12,5022.4375,-56753.637,-50192.344,6561.293,True,True
Central,C01,2010,Pre-Monsoon,2010-03-18,2010-04-11,25,29.9188,30.4081,29.1494,1.2587,29.709,0.2099,0.2099,0.3415,0.84,1.22,1.5,1.56,0.71,El Nino,0.458,0.023,0.294,0.16,-0.103,Positive,Neutral,Neutral,1.33,1.28,0.93,0.95,0.42,El Nino,Neutral,3.5999,3.4849,3.4743,3.792,3.1008,-0.4991,-0.3842,-0.3735,-0.6912,3.1528,-0.052,Weak,True,-385976.97,-333670.97,52306.0,-29881.705,-25998.055,3883.6504,True,True
Central,C02,2010,Pre-Monsoon,2010-04-23,2010-05-03,11,31.128,31.2946,30.9196,0.375,31.071,0.057,0.057,0.1158,0.35,0.84,1.22,1.5,1.01,Neutral,0.37,0.458,0.023,0.294,-0.013,Neutral,Positive,Neutral,0.49,1.33,1.28,0.93,0.56,Neutral,El Nino,3.1248,3.1639,3.2518,3.0066,2.6325,-0.4923,-0.5314,-0.6193,-0.3741,3.3425,-0.71,Weak,True,-388809.84,-414272.44,-25462.594,-33946.47,-42894.19,-8947.723,False,False
Central,C03,2010,Pre-Monsoon,2010-05-07,2010-05-18,12,31.425,31.6303,31.1477,0.4825,31.1916,0.2333,0.2333,0.4567,-0.17,0.35,0.84,1.22,1.36,Neutral,-0.03,0.37,0.458,0.023,-0.067,Neutral,Neutral,Neutral,-0.12,0.49,1.33,1.28,1.04,Neutral,El Nino,2.9871,2.7914,2.6838,2.6389,3.2653,0.2783,0.4739,0.5816,0.6265,4.5126,-1.2473,Weak,True,-482452.97,-411351.34,71101.625,-37386.82,-37725.605,-338.7852,True,False
Central,C04,2010,SW Monsoon,2010-09-27,2010-10-03,7,29.622,29.6944,29.5182,0.1763,29.4215,0.2005,0.2005,0.2887,-1.56,-1.35,-1.05,-0.66,0.84,La Nina,-0.268,-0.062,-0.001,-0.14,0.458,Neutral,Neutral,Positive,-2.26,-2.38,-2.42,-1.29,1.33,La Nina,El Nino,5.0369,4.2961,3.8589,2.5088,2.1852,-2.8517,-2.1109,-1.6737,-0.3236,5.1735,-2.9883,Weak,True,-466205.1,-310833.28,155371.81,-38608.69,-37779.668,829.0234,True,True
Central,C05,2015,Post-Monsoon,2015-11-21,2015-11-25,5,29.2828,29.3078,29.2406,0.0672,29.2669,0.0159,0.0159,0.0368,2.64,2.47,2.21,1.91,1.02,El Nino,0.347,0.483,0.294,0.567,0.24,Neutral,Positive,Neutral,1.93,2.15,2.24,1.95,0.95,El Nino,El Nino,4.0964,4.1133,4.3171,4.2294,5.2534,1.157,1.1402,0.9363,1.024,4.8744,0.379,Strong,False,-466631.03,-509699.47,-43068.438,-41265.39,-34274.953,6990.4375,False,True
Central,C06,2016,Winter,2016-01-01,2016-01-08,8,28.415,28.5245,28.2539,0.2706,28.248,0.167,0.167,0.2431,2.63,2.75,2.64,2.47,1.57,El Nino,0.266,0.272,0.347,0.483,0.225,Neutral,Neutral,Neutral,1.93,1.93,1.93,2.15,1.79,El Nino,El Nino,5.1258,5.0712,5.6705,6.283,5.7743,0.6485,0.7031,0.1038,-0.5087,5.4901,0.2842,Strong,False,-561030.75,-697791.06,-136760.31,-38235.285,-43486.492,-5251.207,False,False
Central,C07,2016,Pre-Monsoon,2016-05-05,2016-05-19,15,31.3746,31.5626,31.0001,0.5626,31.1731,0.2014,0.2014,0.3875,0.49,1.05,1.71,2.28,2.64,Neutral,-0.113,0.146,-0.009,-0.11,0.347,Neutral,Neutral,Neutral,1.24,1.32,1.32,1.8,1.93,El Nino,El Nino,3.3548,3.4076,3.4303,3.0183,3.991,0.6361,0.5834,0.5606,0.9726,4.6547,-0.6638,Weak,True,-482452.97,-528606.0,-46153.03,-37386.82,-50650.652,-13263.832,False,False
Central,C08,2016,SW Monsoon,2016-08-22,2016-08-29,8,29.3762,29.4815,29.3308,0.1507,29.3104,0.0657,0.0657,0.165,-0.5,-0.31,0.0,0.49,2.28,La Nina,-0.444,-0.758,-0.443,-0.113,-0.11,Negative,Negative,Neutral,-0.26,-0.54,0.35,1.24,1.8,Neutral,El Nino,6.8146,7.1554,6.9055,7.0136,5.3733,-1.4413,-1.7821,-1.5322,-1.6403,6.225,-0.8517,Weak,True,-500356.0,-416985.75,83370.25,-34290.63,-36272.63,-1982.0,True,False
Central,C09,2017,SW Monsoon,2017-09-10,2017-09-15,6,29.3744,29.4967,29.2775,0.2192,29.2596,0.1148,0.1148,0.2395,-0.34,-0.07,0.19,0.39,0.18,Neutral,0.034,0.349,0.52,0.424,0.357,Neutral,Neutral,Neutral,-0.73,-0.72,-0.63,-0.23,-0.58,La Nina,La Nina,5.4878,5.1597,4.4499,3.5595,4.0614,-1.4264,-1.0983,-0.3885,0.5019,5.9834,-1.922,Weak,True,-466205.1,-584736.3,-118531.22,-38608.69,-60776.477,-22167.785,False,False
Central,C10,2019,Post-Monsoon,2019-10-01,2019-11-04,35,29.7976,30.1195,29.515,0.6045,29.5683,0.2294,0.2294,0.5342,0.39,0.23,0.19,0.33,0.77,Neutral,0.964,0.893,0.436,0.597,0.258,Positive,Positive,Neutral,0.31,0.16,0.32,0.3,0.3,Neutral,Neutral,5.738,4.8526,4.1996,3.6026,3.0225,-2.7155,-1.8301,-1.177,-0.58,4.1987,-1.1762,Weak,True,-415979.62,-379732.47,36247.156,-39772.184,-41585.57,-1813.3867,True,False
Central,C11,2020,Pre-Monsoon,2020-05-06,2020-05-12,7,31.305,31.4081,31.2707,0.1374,31.2445,0.0606,0.0606,0.1721,0.01,0.3,0.53,0.63,0.58,Neutral,0.298,-0.011,0.019,0.054,0.835,Neutral,Neutral,Positive,-0.23,-0.15,0.13,0.26,0.47,Neutral,Neutral,2.9799,2.9573,2.9234,2.4302,2.6305,-0.3495,-0.3269,-0.293,0.2003,4.2893,-1.6588,Weak,True,-482452.97,-353784.38,128668.59,-37386.82,-26516.3,10870.52,True,True
Central,C12,2020,SW Monsoon,2020-06-23,2020-07-02,10,29.7573,29.8184,29.6315,0.1869,29.6757,0.0815,0.0815,0.1329,-0.23,0.01,0.3,0.53,0.66,Neutral,0.454,0.298,-0.011,0.019,0.243,Positive,Neutral,Neutral,-0.68,-0.23,-0.15,0.13,0.36,La Nina,Neutral,5.6323,6.1691,6.2273,5.7035,4.8799,-0.7524,-1.2892,-1.3474,-0.8236,6.8032,-1.9233,Weak,True,-537206.7,-544398.2,-7191.5,-34511.586,-48840.1,-14328.516,False,False
Central,C13,2020,SW Monsoon,2020-07-18,2020-08-03,17,29.6178,29.9234,29.35,0.5735,29.3882,0.2296,0.2296,0.5451,-0.36,-0.23,0.01,0.3,0.64,Neutral,0.32,0.454,0.298,-0.011,0.173,Neutral,Positive,Neutral,-0.94,-0.68,-0.23,-0.15,0.24,La Nina,Neutral,5.3405,5.6284,5.3604,5.3535,4.9553,-0.3851,-0.6731,-0.4051,-0.3981,6.9471,-1.9917,Weak,True,-523388.0,-573633.0,-50245.0,-31378.242,-50576.656,-19198.414,False,False
Central,C14,2020,SW Monsoon,2020-08-27,2020-09-19,24,29.7088,30.119,29.3127,0.8063,29.2785,0.4303,0.4303,0.8422,-0.53,-0.36,-0.23,0.01,0.63,La Nina,-0.183,0.32,0.454,0.298,0.054,Neutral,Neutral,Neutral,-0.96,-0.94,-0.68,-0.23,0.26,La Nina,Neutral,6.6905,6.0515,5.7153,4.9348,4.7463,-1.9442,-1.3052,-0.969,-0.1885,6.1869,-1.4407,Weak,True,-500356.0,-422663.0,77693.0,-34290.63,-39174.22,-4883.59,True,False
Central,C15,2021,Winter,2021-01-07,2021-01-15,9,28.2286,28.2602,28.1729,0.0872,28.1983,0.0303,0.0303,0.0558,-0.91,-1.08,-1.2,-1.12,-0.36,La Nina,0.051,0.03,0.02,0.074,0.32,Neutral,Neutral,Neutral,-1.2,-1.14,-1.13,-1.17,-0.94,La Nina,La Nina,5.5241,5.8455,5.7547,5.9089,5.9334,0.4093,0.0879,0.1787,0.0245,5.3787,0.5547,Strong,False,-561030.75,-480794.4,80236.34,-38235.285,-30094.447,8140.838,True,True
Central,C16,2021,Pre-Monsoon,2021-05-14,2021-05-21,8,31.3757,31.6235,31.0947,0.5288,31.0714,0.3043,0.3043,0.5336,-0.39,-0.55,-0.71,-0.79,-1.2,Neutral,0.009,0.25,0.266,0.243,0.02,Neutral,Neutral,Neutral,-1.07,-0.95,-0.79,-0.96,-1.13,La Nina,La Nina,2.7644,2.7186,2.8963,2.8287,3.6369,0.8726,0.9183,0.7406,0.8082,5.2439,-1.607,Weak,True,-482452.97,-484125.8,-1672.8438,-37386.82,-29216.797,8170.0234,False,True
Central,C17,2021,SW Monsoon,2021-06-02,2021-06-08,7,30.4966,30.6433,30.2592,0.3841,30.2838,0.2129,0.2129,0.3231,-0.3,-0.39,-0.55,-0.71,-1.08,Neutral,-0.002,0.009,0.25,0.266,0.03,Neutral,Neutral,Neutral,-1.05,-1.07,-0.95,-0.79,-1.14,La Nina,La Nina,4.6433,5.3634,6.3989,4.9806,4.1556,-0.4877,-1.2078,-2.2433,-0.825,6.051,-1.8954,Weak,True,-537206.7,-688979.4,-151772.69,-34511.586,-68111.36,-33599.773,False,False
Central,C18,2021,SW Monsoon,2021-07-04,2021-07-08,5,29.6448,29.7812,29.5712,0.21,29.5676,0.0772,0.0772,0.2008,-0.35,-0.3,-0.39,-0.55,-0.91,Neutral,-0.228,-0.002,0.009,0.25,0.051,Neutral,Neutral,Neutral,-1.44,-1.05,-1.07,-0.95,-1.2,La Nina,La Nina,6.4992,6.3645,5.8375,5.2358,4.758,-1.7412,-1.6065,-1.0794,-0.4778,6.5985,-1.8405,Weak,True,-523388.0,-559530.25,-36142.25,-31378.242,-43304.785,-11926.543,False,False
Central,C19,2022,Winter,2022-01-22,2022-01-29,8,28.1229,28.1863,28.0551,0.1311,28.0487,0.0742,0.0742,0.1255,-0.82,-0.87,-0.91,-0.76,-0.35,La Nina,-0.056,-0.12,0.069,-0.091,-0.228,Neutral,Neutral,Neutral,-1.01,-1.2,-1.39,-1.46,-1.44,La Nina,La Nina,5.1177,4.9366,4.5306,4.4754,3.5525,-1.5652,-1.3841,-0.978,-0.9228,5.1693,-1.6168,Weak,True,-561030.75,-444646.06,116384.69,-38235.285,-44024.305,-5789.0195,True,False
Central,C20,2022,Pre-Monsoon,2022-03-27,2022-04-02,7,29.8105,29.955,29.5815,0.3735,29.7049,0.1056,0.1056,0.1622,-0.86,-0.79,-0.82,-0.87,-0.63,La Nina,-0.093,-0.083,-0.056,-0.12,-0.058,Neutral,Neutral,Neutral,-1.31,-0.98,-1.01,-1.2,-1.37,La Nina,La Nina,4.1956,3.4712,3.1575,3.2478,2.9774,-1.2182,-0.4938,-0.1801,-0.2704,3.0582,-0.0807,Weak,True,-385976.97,-342510.7,43466.28,-29881.705,-25748.205,4133.5,True,True
Central,C21,2022,Pre-Monsoon,2022-04-22,2022-05-05,14,31.2192,31.4318,30.8886,0.5432,31.0815,0.1377,0.1377,0.2287,-0.95,-0.86,-0.79,-0.82,-0.76,La Nina,-0.068,-0.093,-0.083,-0.056,-0.091,Neutral,Neutral,Neutral,-1.6,-1.31,-0.98,-1.01,-1.46,La Nina,La Nina,3.0338,3.1046,3.1533,3.0019,2.6712,-0.3626,-0.4334,-0.4821,-0.3307,3.3749,-0.7037,Weak,True,-388809.84,-389438.78,-628.9375,-33946.47,-34107.484,-161.0156,False,False
Central,C22,2022,SW Monsoon,2022-06-29,2022-07-04,6,29.6807,29.7423,29.6189,0.1234,29.6276,0.0531,0.0531,0.1086,-0.78,-0.9,-0.95,-0.86,-0.87,La Nina,-0.335,-0.122,-0.068,-0.093,-0.12,Neutral,Neutral,Neutral,-1.9,-1.63,-1.6,-1.31,-1.2,La Nina,La Nina,5.6793,5.2288,4.9669,5.0379,6.1488,0.4695,0.92,1.1819,1.111,6.8083,-0.6595,Weak,True,-537206.7,-469756.3,67450.375,-34511.586,-30035.746,4475.84,True,True
Central,C23,2022,SW Monsoon,2022-07-25,2022-08-03,10,29.6251,29.7893,29.4305,0.3588,29.3722,0.2529,0.2529,0.4166,-0.76,-0.78,-0.9,-0.95,-0.82,La Nina,-0.195,-0.335,-0.122,-0.068,-0.056,Neutral,Neutral,Neutral,-2.17,-1.9,-1.63,-1.6,-1.01,La Nina,La Nina,6.3094,6.6472,6.3622,4.7249,3.4737,-2.8356,-3.1735,-2.8885,-1.2512,6.9399,-3.4662,Weak,True,-523388.0,-394884.06,128503.94,-31378.242,-41798.45,-10420.207,True,False
Central,C24,2022,SW Monsoon,2022-08-28,2022-09-06,10,29.5292,29.7214,29.3339,0.3875,29.2927,0.2365,0.2365,0.4336,-0.87,-0.76,-0.78,-0.9,-0.79,La Nina,-0.246,-0.195,-0.335,-0.122,-0.083,Neutral,Neutral,Neutral,-1.75,-2.17,-1.9,-1.63,-0.98,La Nina,La Nina,6.2712,6.3167,5.6174,5.0667,3.5226,-2.7486,-2.794,-2.0947,-1.544,6.1461,-2.6234,Weak,True,-500356.0,-353631.56,146724.44,-34290.63,-33722.74,567.8906,True,True
Central,C25,2023,Pre-Monsoon,2023-05-04,2023-05-09,6,31.4222,31.6151,31.3092,0.3059,31.2678,0.1545,0.1545,0.3443,0.57,0.27,-0.02,-0.29,-0.85,El Nino,0.443,0.56,0.415,0.157,-0.269,Positive,Positive,Neutral,-0.06,-0.36,-0.76,-0.91,-1.53,Neutral,La Nina,3.0358,2.9974,2.9925,2.6191,2.7138,-0.322,-0.2835,-0.2787,0.0948,3.9027,-1.1889,Weak,True,-482452.97,-399478.38,82974.59,-37386.82,-38578.723,-1191.9023,True,False
Central,C26,2023,Pre-Monsoon,2023-05-31,2023-06-06,7,30.401,30.5728,30.2449,0.3279,30.3743,0.0268,0.0268,0.0475,0.57,0.27,-0.02,-0.29,-0.85,El Nino,0.443,0.56,0.415,0.157,-0.269,Positive,Positive,Neutral,-0.06,-0.36,-0.76,-0.91,-1.53,Neutral,La Nina,4.9317,5.8047,4.853,4.8604,6.4123,1.4806,0.6076,1.5593,1.5519,5.7346,0.6777,Strong,False,-482452.97,-536948.9,-54495.906,-37386.82,-35927.457,1459.3633,False,True
Central,C27,2023,Post-Monsoon,2023-11-04,2023-11-29,26,29.4551,29.7467,29.1604,0.5864,29.3663,0.0888,0.0888,0.2645,1.99,1.83,1.6,1.37,0.57,El Nino,0.92,0.804,0.946,0.825,0.443,Positive,Positive,Positive,0.91,0.48,0.69,0.51,-0.06,El Nino,Neutral,3.475,3.3155,3.2989,3.3719,4.3358,0.8608,1.0204,1.037,0.9639,4.6556,-0.3198,Weak,True,-466631.03,-431627.75,35003.28,-41265.39,-40204.453,1060.9375,True,True
Central,C28,2023,Winter,2023-12-07,2023-12-23,17,28.9561,29.2099,28.7789,0.4309,28.8579,0.0982,0.0982,0.23,2.06,1.99,1.83,1.6,0.84,El Nino,0.851,0.92,0.804,0.946,0.665,Positive,Positive,Positive,1.13,0.91,0.48,0.69,0.43,El Nino,Neutral,4.8062,5.1837,5.5548,5.3537,5.0807,0.2744,-0.103,-0.4741,-0.273,5.5906,-0.5099,Weak,True,-570255.1,-435073.16,135181.97,-41311.406,-32695.385,8616.021,True,True
Central,C29,2024,Winter,2024-01-01,2024-01-11,11,28.3893,28.5345,28.2235,0.311,28.2361,0.1532,0.1532,0.2531,1.92,2.06,1.99,1.83,1.12,El Nino,0.765,0.851,0.92,0.804,0.498,Positive,Positive,Positive,0.7,1.13,0.91,0.48,0.51,El Nino,El Nino,5.5603,6.1091,6.4172,6.6903,5.5942,0.0339,-0.5149,-0.823,-1.0962,5.4446,0.1496,Strong,False,-561030.75,-579974.1,-18943.375,-38235.285,-37086.64,1148.6445,False,True
Central,C30,2024,Winter,2024-01-24,2024-02-18,26,28.1377,28.2855,28.0358,0.2497,28.0425,0.0951,0.0951,0.2723,1.92,2.06,1.99,1.83,1.12,El Nino,0.765,0.851,0.92,0.804,0.498,Positive,Positive,Positive,0.7,1.13,0.91,0.48,0.51,El Nino,El Nino,5.6879,5.3644,5.2432,5.1816,5.1719,-0.516,-0.1925,-0.0713,-0.0097,4.948,0.2239,Strong,False,-561030.75,-444167.8,116862.94,-38235.285,-28683.76,9551.525,True,True
Central,C31,2024,Pre-Monsoon,2024-04-11,2024-05-24,44,31.3832,31.967,30.4343,1.5326,30.976,0.4072,0.4072,0.9075,0.82,1.26,1.62,1.92,1.83,El Nino,0.44,0.421,0.328,0.765,0.804,Positive,Positive,Positive,0.34,0.78,0.68,0.7,0.48,Neutral,Neutral,3.562,3.5582,3.1044,3.2577,3.3672,-0.1948,-0.1911,0.2628,0.1095,4.0955,-0.7284,Weak,True,-388809.84,-427820.4,-39010.562,-33946.47,-39140.625,-5194.1562,False,False
Central,C32,2024,SW Monsoon,2024-07-08,2024-07-13,6,29.5685,29.6378,29.5112,0.1266,29.5033,0.0652,0.0652,0.1303,0.08,0.22,0.49,0.82,1.92,Neutral,0.033,0.197,0.297,0.44,0.765,Neutral,Neutral,Positive,-0.72,-0.24,0.12,0.34,0.7,La Nina,El Nino,6.9644,6.7461,6.4654,5.9107,5.6306,-1.3338,-1.1155,-0.8348,-0.2801,6.8544,-1.2238,Weak,True,-523388.0,-449271.9,74116.09,-31378.242,-37531.113,-6152.871,True,False
Central,C33,2024,SW Monsoon,2024-08-09,2024-08-28,20,29.5695,29.6978,29.3143,0.3834,29.3267,0.2428,0.2428,0.3554,-0.07,0.08,0.22,0.49,1.62,Neutral,0.267,0.033,0.197,0.297,0.328,Neutral,Neutral,Neutral,-0.73,-0.72,-0.24,0.12,0.68,La Nina,El Nino,7.2015,6.8825,6.1555,5.1509,5.3341,-1.8674,-1.5484,-0.8214,0.1832,6.2662,-0.9321,Weak,True,-500356.0,-535751.6,-35395.625,-34290.63,-30016.791,4273.838,False,True
Central,C34,2024,SW Monsoon,2024-09-27,2024-10-02,6,29.6515,29.8725,29.4714,0.4011,29.4288,0.2227,0.2227,0.4511,-0.17,-0.07,0.08,0.22,1.26,Neutral,0.115,0.267,0.033,0.197,0.421,Neutral,Neutral,Positive,-0.65,-0.73,-0.72,-0.24,0.78,La Nina,El Nino,7.0698,6.9061,6.4651,6.1977,3.5364,-3.5335,-3.3698,-2.9287,-2.6613,5.1888,-1.6525,Weak,True,-466205.1,-377921.3,88283.78,-38608.69,-29467.46,9141.23,True,True
Central,C35,2024,Post-Monsoon,2024-10-05,2024-10-21,17,29.7821,29.9487,29.521,0.4277,29.5867,0.1954,0.1954,0.3327,-0.21,-0.17,-0.07,0.08,0.82,Neutral,-0.196,0.115,0.267,0.033,0.44,Neutral,Neutral,Positive,-0.51,-0.65,-0.73,-0.72,0.34,La Nina,Neutral,6.2199,5.5993,5.0375,4.4168,3.3245,-2.8954,-2.2748,-1.713,-1.0923,4.0773,-0.7528,Weak,True,-415979.62,-439686.5,-23706.875,-39772.184,-42756.75,-2984.5664,False,False
Central,C36,2024,Post-Monsoon,2024-10-28,2024-12-19,53,29.3746,29.8559,28.7951,1.0608,29.222,0.1526,0.1526,0.2997,-0.21,-0.17,-0.07,0.08,0.82,Neutral,-0.196,0.115,0.267,0.033,0.44,Neutral,Neutral,Positive,-0.51,-0.65,-0.73,-0.72,0.34,La Nina,Neutral,4.0534,4.0717,4.7141,5.3559,4.9631,0.9098,0.8915,0.2491,-0.3927,4.936,0.0271,Strong,False,-415979.62,-497459.34,-81479.72,-39772.184,-42503.63,-2731.4453,False,False
Central,C37,2025,Winter,2025-01-01,2025-01-15,15,28.3695,28.5607,28.1907,0.37,28.2217,0.1478,0.1478,0.2793,-0.45,-0.42,-0.3,-0.21,0.08,Neutral,-0.196,-0.331,-0.383,-0.196,0.033,Neutral,Neutral,Neutral,-1.0,-0.91,-0.68,-0.51,-0.72,La Nina,La Nina,5.4349,5.8539,5.6551,6.0682,5.671,0.2361,-0.1829,0.0159,-0.3972,5.4297,0.2413,Strong,False,-561030.75,-690906.7,-129875.94,-38235.285,-48501.61,-10266.324,False,False
Central,C38,2025,Winter,2025-02-20,2025-03-25,34,28.9047,29.4936,28.1784,1.3152,28.7371,0.1677,0.1677,0.3364,-0.24,-0.45,-0.42,-0.3,-0.07,Neutral,0.017,-0.196,-0.331,-0.383,0.267,Neutral,Neutral,Neutral,-0.83,-1.0,-0.91,-0.68,-0.73,La Nina,La Nina,4.4519,4.1957,4.101,3.4704,4.1784,-0.2735,-0.0173,0.0774,0.7081,3.9274,0.2511,Strong,False,-480916.66,-403039.16,77877.5,-33119.156,-28228.338,4890.8184,True,True
Central,C39,2025,SW Monsoon,2025-07-12,2025-07-17,6,29.5291,29.5659,29.5038,0.062,29.4765,0.0527,0.0527,0.0865,-0.14,-0.04,-0.02,0.02,-0.45,Neutral,,,,0.149,-0.196,Unknown,Unknown,Neutral,-1.22,-1.17,-0.36,-0.38,-1.0,La Nina,La Nina,7.132,6.9125,6.7633,6.4351,5.6984,-1.4336,-1.2141,-1.0648,-0.7367,6.9608,-1.2624,Weak,True,-523388.0,-441757.88,81630.125,-31378.242,-31705.953,-327.7109,True,False
Central,C40,2025,SW Monsoon,2025-08-01,2025-08-13,13,29.5383,29.6451,29.3504,0.2946,29.3458,0.1924,0.1924,0.3019,-0.28,-0.14,-0.04,-0.02,-0.24,Neutral,,,,,0.017,Unknown,Unknown,Neutral,-0.87,-1.22,-1.17,-0.36,-0.83,La Nina,La Nina,6.9854,7.1817,7.8936,7.0095,5.2654,-1.72,-1.9164,-2.6282,-1.7441,7.2014,-1.936,Weak,True,-500356.0,-365545.56,134810.44,-34290.63,-32259.547,2031.082,True,True
South,S01,2010,Pre-Monsoon,2010-03-04,2010-03-10,7,29.4615,29.533,29.3751,0.1579,29.3889,0.0726,0.0726,0.1526,0.84,1.22,1.5,1.56,0.71,El Nino,0.458,0.023,0.294,0.16,-0.103,Positive,Neutral,Neutral,1.33,1.28,0.93,0.95,0.42,El Nino,Neutral,3.8892,3.851,3.7671,3.7379,3.3973,-0.4918,-0.4536,-0.3698,-0.3406,3.6414,-0.2441,Weak,True,-408929.28,-329080.75,79848.53,-38174.727,-26012.768,12161.959,True,True
South,S02,2010,Pre-Monsoon,2010-03-28,2010-04-03,7,30.2608,30.4039,30.0582,0.3457,30.1745,0.0863,0.0863,0.1486,0.84,1.22,1.5,1.56,0.71,El Nino,0.458,0.023,0.294,0.16,-0.103,Positive,Neutral,Neutral,1.33,1.28,0.93,0.95,0.42,El Nino,Neutral,3.4715,3.3914,3.1943,2.7316,3.1596,-0.3119,-0.2318,-0.0347,0.428,3.1017,0.0579,Strong,False,-408929.28,-395767.16,13162.125,-38174.727,-36400.125,1774.6016,True,True
South,S03,2010,Pre-Monsoon,2010-04-10,2010-04-20,11,30.8438,31.036,30.6703,0.3656,30.7501,0.0938,0.0938,0.1604,0.35,0.84,1.22,1.5,1.01,Neutral,0.37,0.458,0.023,0.294,-0.013,Neutral,Positive,Neutral,0.49,1.33,1.28,0.93,0.56,Neutral,El Nino,3.2045,2.9345,3.0111,2.9453,2.7606,-0.444,-0.1739,-0.2505,-0.1847,3.123,-0.3624,Weak,True,-401048.84,-353246.1,47802.75,-43607.066,-32741.865,10865.201,True,True
South,S04,2010,Pre-Monsoon,2010-04-22,2010-04-26,5,31.0834,31.1269,30.9696,0.1573,31.0001,0.0834,0.0834,0.1144,0.35,0.84,1.22,1.5,1.01,Neutral,0.37,0.458,0.023,0.294,-0.013,Neutral,Positive,Neutral,0.49,1.33,1.28,0.93,0.56,Neutral,El Nino,2.92,2.9822,2.8847,2.767,3.2725,0.3525,0.2903,0.3878,0.5055,3.4114,-0.139,Weak,True,-401048.84,-458240.62,-57191.78,-43607.066,-57992.42,-14385.355,False,False
South,S05,2010,Pre-Monsoon,2010-05-11,2010-05-16,6,31.0992,31.2372,30.9175,0.3197,30.9533,0.1459,0.1459,0.2916,-0.17,0.35,0.84,1.22,1.36,Neutral,-0.03,0.37,0.458,0.023,-0.067,Neutral,Neutral,Neutral,-0.12,0.49,1.33,1.28,1.04,Neutral,El Nino,2.9338,2.971,2.828,3.2677,5.068,2.1343,2.0971,2.24,1.8003,4.643,0.425,Strong,False,-493293.88,-650611.06,-157317.19,-44272.82,-79332.23,-35059.406,False,False
South,S06,2015,SW Monsoon,2015-06-10,2015-06-14,5,29.9243,29.9818,29.8651,0.1167,29.8869,0.0374,0.0374,0.0733,1.25,1.02,0.81,0.65,0.77,El Nino,0.296,0.24,-0.008,-0.241,0.046,Neutral,Neutral,Neutral,1.9,0.95,0.31,0.15,0.35,El Nino,Neutral,4.0711,4.0339,3.661,3.371,4.1537,0.0826,0.1197,0.4927,0.7827,5.4864,-1.3327,Weak,True,,,,,,,False,False
South,S07,2015,SW Monsoon,2015-09-05,2015-09-13,9,29.3164,29.4538,29.225,0.2288,29.2435,0.073,0.073,0.1962,2.21,1.91,1.57,1.25,0.65,El Nino,0.294,0.567,0.225,0.296,-0.241,Neutral,Positive,Neutral,2.24,1.95,1.79,1.9,0.15,El Nino,Neutral,5.009,4.6122,4.7409,4.4787,4.2405,-0.7685,-0.3716,-0.5004,-0.2382,5.3339,-1.0933,Weak,True,-468110.2,-395866.72,72243.47,-39524.95,-40899.87,-1374.9219,True,False
South,S08,2015,Post-Monsoon,2015-10-11,2015-11-02,23,29.5444,29.7347,29.3476,0.3871,29.3861,0.1582,0.1582,0.3434,2.47,2.21,1.91,1.57,0.81,El Nino,0.483,0.294,0.567,0.225,-0.008,Positive,Neutral,Neutral,2.15,2.24,1.95,1.79,0.31,El Nino,Neutral,4.6584,4.2655,3.9599,3.7324,2.7575,-1.901,-1.508,-1.2024,-0.975,4.2196,-1.4622,Weak,True,-412260.8,-351029.8,61231.0,-39750.574,-43101.355,-3350.7812,True,False
South,S09,2015,Winter,2015-12-08,2016-01-15,39,29.1157,29.3218,28.9442,0.3776,29.0176,0.0981,0.0981,0.2308,2.75,2.64,2.47,2.21,1.25,El Nino,0.272,0.347,0.483,0.294,0.296,Neutral,Neutral,Neutral,1.93,1.93,2.15,2.24,1.9,El Nino,El Nino,3.8467,3.537,3.7605,3.8136,4.1463,0.2995,0.6093,0.3858,0.3327,4.2247,-0.0784,Weak,True,-415258.03,-444542.0,-29283.969,-42270.816,-38404.535,3866.2812,False,True
South,S10,2016,Winter,2016-01-19,2016-02-02,15,29.028,29.129,28.9087,0.2203,28.8925,0.1355,0.1355,0.243,2.63,2.75,2.64,2.47,1.57,El Nino,0.266,0.272,0.347,0.483,0.225,Neutral,Neutral,Neutral,1.93,1.93,1.93,2.15,1.79,El Nino,El Nino,4.4336,4.4448,4.2727,4.1208,4.2565,-0.1771,-0.1883,-0.0162,0.1357,4.3298,-0.0734,Weak,True,-451416.25,-433904.22,17512.031,-39955.64,-41986.605,-2030.9648,True,False
South,S11,2016,Pre-Monsoon,2016-04-21,2016-05-22,32,31.2236,31.5408,30.6317,0.9091,30.9762,0.2474,0.2474,0.441,1.05,1.71,2.28,2.63,2.47,El Nino,0.146,-0.009,-0.11,0.266,0.483,Neutral,Neutral,Positive,1.32,1.32,1.8,1.93,2.15,El Nino,El Nino,2.8689,2.6324,2.5482,2.3106,3.5899,0.721,0.9576,1.0417,1.2793,4.2234,-0.6334,Weak,True,-401048.84,-460095.1,-59046.25,-43607.066,-46518.45,-2911.3828,False,False
South,S12,2017,Post-Monsoon,2017-11-16,2017-11-20,5,29.3832,29.4234,29.3449,0.0785,29.3445,0.0386,0.0386,0.0686,-0.77,-0.6,-0.34,-0.07,0.4,La Nina,0.289,0.016,0.034,0.349,0.536,Neutral,Neutral,Positive,-0.62,-0.59,-0.73,-0.72,0.2,La Nina,Neutral,4.3526,4.4327,4.7791,4.9636,2.4443,-1.9083,-1.9884,-2.3348,-2.5193,3.5672,-1.1229,Weak,True,,,,,,,False,False
South,S13,2019,Pre-Monsoon,2019-03-04,2019-03-08,5,29.578,29.6887,29.4503,0.2384,29.3649,0.2131,0.2131,0.3009,0.84,0.86,0.89,0.92,0.53,El Nino,0.224,0.416,0.387,0.309,0.604,Neutral,Positive,Positive,0.76,0.5,0.09,0.18,0.62,El Nino,El Nino,3.7758,3.9854,3.9305,3.6435,3.0994,-0.6765,-0.886,-0.8311,-0.5441,3.5908,-0.4914,Weak,True,-408929.28,-410142.53,-1213.25,-38174.727,-30440.104,7734.623,False,True
South,S14,2019,Pre-Monsoon,2019-04-17,2019-04-23,7,31.0013,31.1093,30.8712,0.2382,30.8994,0.1019,0.1019,0.2073,0.77,0.84,0.86,0.89,0.81,El Nino,0.258,0.224,0.416,0.387,0.685,Neutral,Neutral,Positive,0.3,0.76,0.5,0.09,0.52,Neutral,El Nino,2.7147,2.5882,2.5228,2.5011,3.3256,0.6109,0.7373,0.8028,0.8244,3.2155,0.11,Strong,False,-401048.84,-373908.6,27140.25,-43607.066,-42403.918,1203.1484,True,True
South,S15,2019,SW Monsoon,2019-07-07,2019-07-20,14,29.6898,29.8324,29.5138,0.3186,29.5374,0.1525,0.1525,0.2828,0.33,0.52,0.64,0.77,0.89,Neutral,0.597,0.605,0.539,0.258,0.387,Positive,Positive,Neutral,0.3,0.35,0.23,0.3,0.09,Neutral,Neutral,5.5462,5.7975,5.5984,5.2723,4.8248,-0.7214,-0.9727,-0.7737,-0.4476,5.8319,-1.0072,Weak,True,-515313.7,-451810.94,63502.75,-39041.36,-38026.453,1014.9062,True,True
South,S16,2019,Post-Monsoon,2019-10-04,2019-10-19,16,29.5188,29.7122,29.3578,0.3544,29.3403,0.1786,0.1786,0.3615,0.39,0.23,0.19,0.33,0.77,Neutral,0.964,0.893,0.436,0.597,0.258,Positive,Positive,Neutral,0.31,0.16,0.32,0.3,0.3,Neutral,Neutral,4.5542,4.2108,3.6431,3.0136,2.9637,-1.5905,-1.247,-0.6794,-0.0499,4.6519,-1.6882,Weak,True,-412260.8,-375306.06,36954.75,-39750.574,-50895.0,-11144.426,True,False
South,S17,2020,SW Monsoon,2020-07-18,2020-07-29,12,29.6359,29.8047,29.3642,0.4406,29.4239,0.212,0.212,0.3314,-0.36,-0.23,0.01,0.3,0.64,Neutral,0.32,0.454,0.298,-0.011,0.173,Neutral,Positive,Neutral,-0.94,-0.68,-0.23,-0.15,0.24,La Nina,Neutral,4.4961,4.2642,4.0844,4.2683,4.5996,0.1035,0.3354,0.5151,0.3312,5.5622,-0.9626,Weak,True,-515313.7,-517122.7,-1809.0,-39041.36,-47051.547,-8010.1875,False,False
South,S18,2020,SW Monsoon,2020-08-17,2020-09-17,32,29.5503,29.8639,29.2229,0.641,29.2488,0.3015,0.3015,0.5959,-0.53,-0.36,-0.23,0.01,0.63,La Nina,-0.183,0.32,0.454,0.298,0.054,Neutral,Neutral,Neutral,-0.96,-0.94,-0.68,-0.23,0.26,La Nina,Neutral,4.9686,5.3078,4.8249,4.3909,4.4756,-0.493,-0.8322,-0.3493,0.0847,5.2862,-0.8105,Weak,True,-487270.16,-513342.16,-26072.0,-40176.707,-49996.82,-9820.113,False,False
South,S19,2021,Pre-Monsoon,2021-05-11,2021-05-19,9,31.0619,31.3272,30.7978,0.5294,30.9058,0.1562,0.1562,0.4483,-0.39,-0.55,-0.71,-0.79,-1.2,Neutral,0.009,0.25,0.266,0.243,0.02,Neutral,Neutral,Neutral,-1.07,-0.95,-0.79,-0.96,-1.13,La Nina,La Nina,2.6953,2.6792,2.2888,2.2352,2.7756,0.0803,0.0964,0.4867,0.5404,4.7522,-1.9767,Weak,True,-493293.88,-393974.34,99319.53,-44272.82,-36655.797,7617.0234,True,True
South,S20,2023,SW Monsoon,2023-08-23,2023-08-31,9,29.3393,29.4568,29.2752,0.1817,29.2679,0.0713,0.0713,0.1879,1.37,1.12,0.84,0.57,-0.29,El Nino,0.825,0.498,0.665,0.443,0.157,Positive,Positive,Neutral,0.51,0.51,0.43,-0.06,-0.91,El Nino,La Nina,5.5454,5.3682,5.0994,4.4507,4.7018,-0.8435,-0.6663,-0.3976,0.2512,5.2116,-0.5098,Weak,True,-487270.16,-468656.5,18613.656,-40176.707,-41607.312,-1430.6055,True,False
South,S21,2023,Post-Monsoon,2023-11-03,2023-11-26,24,29.5386,29.756,29.2845,0.4715,29.3575,0.181,0.181,0.3584,1.99,1.83,1.6,1.37,0.57,El Nino,0.92,0.804,0.946,0.825,0.443,Positive,Positive,Positive,0.91,0.48,0.69,0.51,-0.06,El Nino,Neutral,3.7225,3.3396,2.9396,2.9097,3.0296,-0.6929,-0.31,0.0901,0.1199,4.0109,-0.9813,Weak,True,-404165.6,-305745.1,98420.5,-44601.984,-32676.963,11925.021,True,True
South,S22,2024,Winter,2024-01-25,2024-03-08,44,29.2361,29.5486,28.903,0.6456,29.0733,0.1628,0.1628,0.3416,1.92,2.06,1.99,1.83,1.12,El Nino,0.765,0.851,0.92,0.804,0.498,Positive,Positive,Positive,0.7,1.13,0.91,0.48,0.51,El Nino,El Nino,4.4722,4.4764,4.6211,4.5842,4.246,-0.2263,-0.2304,-0.3752,-0.3383,4.0549,0.191,Strong,False,-451416.25,-414219.9,37196.344,-39955.64,-35005.086,4950.5547,True,True
South,S23,2024,Pre-Monsoon,2024-03-28,2024-04-11,15,30.6223,30.953,30.1002,0.8528,30.3794,0.2429,0.2429,0.4831,1.26,1.62,1.92,2.06,1.6,El Nino,0.421,0.328,0.765,0.851,0.946,Positive,Neutral,Positive,0.78,0.68,0.7,1.13,0.69,El Nino,El Nino,3.8011,3.559,3.3109,2.9434,2.6076,-1.1935,-0.9513,-0.7033,-0.3358,3.045,-0.4374,Weak,True,-408929.28,-342875.1,66054.19,-38174.727,-38809.48,-634.7539,True,False
South,S24,2024,Pre-Monsoon,2024-04-14,2024-05-24,41,31.4731,31.9752,30.5989,1.3763,30.9335,0.5396,0.5396,0.9429,0.82,1.26,1.62,1.92,1.83,El Nino,0.44,0.421,0.328,0.765,0.804,Positive,Positive,Positive,0.34,0.78,0.68,0.7,0.48,Neutral,Neutral,2.9247,2.7083,2.6741,3.1069,3.3396,0.4149,0.6313,0.6655,0.2327,4.0881,-0.7484,Weak,True,-401048.84,-408266.7,-7217.8438,-43607.066,-39847.32,3759.746,False,True
South,S25,2024,SW Monsoon,2024-06-14,2024-09-02,81,29.5896,29.8775,29.3289,0.5486,29.444,0.1455,0.1455,0.4631,0.22,0.49,0.82,1.26,2.06,Neutral,0.197,0.297,0.44,0.421,0.851,Neutral,Neutral,Positive,-0.24,0.12,0.34,0.78,1.13,Neutral,El Nino,5.4124,5.4839,5.2187,5.3106,4.9372,-0.4752,-0.5467,-0.2815,-0.3735,5.537,-0.5999,Weak,True,-525831.94,-481186.5,44645.438,-39940.324,-33293.125,6647.199,True,True
South,S26,2024,SW Monsoon,2024-09-26,2024-10-12,17,29.4288,29.596,29.2518,0.3442,29.2917,0.1372,0.1372,0.2685,-0.17,-0.07,0.08,0.22,1.26,Neutral,0.115,0.267,0.033,0.197,0.421,Neutral,Neutral,Positive,-0.65,-0.73,-0.72,-0.24,0.78,La Nina,El Nino,5.8525,6.1074,6.1134,5.887,3.9664,-1.886,-2.141,-2.147,-1.9206,4.9598,-0.9934,Weak,True,-468110.2,-394229.72,73880.47,-39524.95,-38692.707,832.2422,True,True
South,S27,2024,Post-Monsoon,2024-10-29,2025-01-16,79,29.3753,29.9546,28.9338,1.0208,29.1646,0.2125,0.2125,0.62,-0.21,-0.17,-0.07,0.08,0.82,Neutral,-0.196,0.115,0.267,0.033,0.44,Neutral,Neutral,Positive,-0.51,-0.65,-0.73,-0.72,0.34,La Nina,Neutral,4.4364,4.8049,4.3798,4.5715,4.1809,-0.2555,-0.624,-0.1989,-0.3907,4.1648,0.0218,Strong,False,-412260.8,-431786.03,-19525.219,-39750.574,-42846.746,-3096.1719,False,False
South,S28,2025,Post-Monsoon,2025-10-13,2025-10-18,6,29.4581,29.5235,29.3802,0.1433,29.37,0.0881,0.0881,0.1542,-0.51,-0.4,-0.28,-0.14,0.02,La Nina,,,,,0.149,Unknown,Unknown,Neutral,-1.19,-1.12,-0.87,-1.22,-0.38,La Nina,Neutral,4.8456,4.5867,4.0849,4.2536,4.4079,-0.4378,-0.1788,0.3229,0.1543,4.4364,-0.0285,Weak,True,-412260.8,-434414.6,-22153.781,-39750.574,-49948.082,-10197.508,False,False
