Date,HeatFlux
2006-01-01,-602064.56
2006-01-08,-431927.78
2006-01-15,-375520.72
2006-01-22,-567096.94
2006-01-29,-629579.1
2006-02-01,-507468.84
2006-02-08,-451381.47
2006-02-15,-365016.38
2006-02-22,-380272.38
2006-03-01,-356879.03
2006-03-08,-394985.78
2006-03-15,-411685.2
2006-03-22,-375482.12
2006-03-29,-354122.2
2006-04-01,-365950.84
2006-04-08,-425509.9
2006-04-15,-353134.75
2006-04-22,-355739.25
2006-04-29,-471648.94
2006-05-01,-346596.56
2006-05-08,-403164.75
2006-05-15,-465908.88
2006-05-22,-574512.7
2006-05-29,-604343.6
2006-06-01,-490869.25
2006-06-08,-494186.97
2006-06-15,-488770.16
2006-06-22,-473686.44
2006-06-29,-570764.9
2006-07-01,-618482.25
2006-07-08,-425571.28
2006-07-15,-592080.56
2006-07-22,-401906.44
2006-07-29,-522306.22
2006-08-01,-511365.2
2006-08-08,-582466.1
2006-08-15,-519042.06
2006-08-22,-435797.44
2006-08-29,-498560.38
2006-09-01,-459661.56
2006-09-08,-350984.72
2006-09-15,-605797.94
2006-09-22,-408061.62
2006-09-29,-497185.56
2006-10-01,-439352.03
2006-10-08,-466704.84
2006-10-15,-297222.4
2006-10-22,-404407.6
2006-10-29,-402933.25
2006-11-01,-372748.75
2006-11-08,-464607.9
2006-11-15,-484487.03
2006-11-22,-357260.66
2006-11-29,-745621.25
2006-12-01,-678986.9
2006-12-08,-559021.2
2006-12-15,-648844.75
2006-12-22,-837875.0
2006-12-29,-660713.5
2007-01-01,-621992.94
2007-01-08,-553110.44
2007-01-15,-465543.03
2007-01-22,-571179.06
2007-01-29,-583334.7
2007-02-01,-662764.4
2007-02-08,-408305.25
2007-02-15,-304052.62
2007-02-22,-577771.44
2007-03-01,-358732.88
2007-03-08,-486687.16
2007-03-15,-317928.1
2007-03-22,-369304.47
2007-03-29,-325217.94
2007-04-01,-276275.78
2007-04-08,-324996.78
2007-04-15,-439936.28
2007-04-22,-379706.72
2007-04-29,-352186.72
2007-05-01,-400710.2
2007-05-08,-516002.28
2007-05-15,-444398.8
2007-05-22,-478046.97
2007-05-29,-456478.9
2007-06-01,-412967.1
2007-06-08,-522405.97
2007-06-15,-506446.97
2007-06-22,-600607.6
2007-06-29,-520568.44
2007-07-01,-434068.44
2007-07-08,-503214.03
2007-07-15,-530063.5
2007-07-22,-378453.78
2007-07-29,-427501.6
2007-08-01,-633752.0
2007-08-08,-484729.72
2007-08-15,-388214.56
2007-08-22,-422460.9
2007-08-29,-459455.16
2007-09-01,-531595.4
2007-09-08,-368662.62
2007-09-15,-486463.53
2007-09-22,-504557.4
2007-09-29,-476022.53
2007-10-01,-548364.9
2007-10-08,-396995.0
2007-10-15,-297666.94
2007-10-22,-431233.53
2007-10-29,-387678.94
2007-11-01,-369981.78
2007-11-08,-421746.94
2007-11-15,-386319.2
2007-11-22,-383649.72
2007-11-29,-690554.94
2007-12-01,-676929.06
2007-12-08,-471915.9
2007-12-15,-484229.56
2007-12-22,-338577.84
2007-12-29,-482168.22
2008-01-01,-637325.06
2008-01-08,-443363.5
2008-01-15,-496521.66
2008-01-22,-491620.8
2008-01-29,-324592.62
2008-02-01,-293759.97
2008-02-08,-292989.06
2008-02-15,-551652.94
2008-02-22,-572342.75
2008-02-29,-335846.28
2008-03-01,-315712.12
2008-03-08,-486321.22
2008-03-15,-348401.2
2008-03-22,-314697.38
2008-03-29,-349677.9
2008-04-01,-325969.34
2008-04-08,-342449.34
2008-04-15,-374735.62
2008-04-22,-326136.88
2008-04-29,-625395.8
2008-05-01,-572574.9
2008-05-08,-502202.75
2008-05-15,-573524.44
2008-05-22,-392599.6
2008-05-29,-471191.5
2008-06-01,-487398.94
2008-06-08,-481469.75
2008-06-15,-575993.6
2008-06-22,-611769.3
2008-06-29,-491278.12
2008-07-01,-459425.4
2008-07-08,-538284.9
2008-07-15,-449573.0
2008-07-22,-519429.2
2008-07-29,-564289.6
2008-08-01,-407255.34
2008-08-08,-647120.94
2008-08-15,-438631.0
2008-08-22,-408391.16
2008-08-29,-396785.3
2008-09-01,-321802.66
2008-09-08,-590724.5
2008-09-15,-508327.84
2008-09-22,-445560.1
2008-09-29,-386396.0
2008-10-01,-324869.44
2008-10-08,-324246.62
2008-10-15,-376162.75
2008-10-22,-472116.53
2008-10-29,-411017.44
2008-11-01,-473472.0
2008-11-08,-402076.62
2008-11-15,-491653.06
2008-11-22,-493383.88
2008-11-29,-533295.6
2008-12-01,-599519.8
2008-12-08,-458182.84
2008-12-15,-591488.3
2008-12-22,-695195.0
2008-12-29,-688398.8
2009-01-01,-630683.56
2009-01-08,-582993.6
2009-01-15,-921254.06
2009-01-22,-546879.3
2009-01-29,-368020.6
2009-02-01,-414850.84
2009-02-08,-460138.03
2009-02-15,-435132.72
2009-02-22,-274865.78
2009-03-01,-306423.06
2009-03-08,-360689.44
2009-03-15,-357407.28
2009-03-22,-342462.16
2009-03-29,-372410.66
2009-04-01,-472470.94
2009-04-08,-421107.3
2009-04-15,-490936.94
2009-04-22,-528838.8
2009-04-29,-497062.6
2009-05-01,-444947.5
2009-05-08,-484668.06
2009-05-15,-372440.5
2009-05-22,-692671.5
2009-05-29,-508282.8
2009-06-01,-536600.2
2009-06-08,-579867.9
2009-06-15,-510696.56
2009-06-22,-511216.84
2009-06-29,-456857.78
2009-07-01,-494201.3
2009-07-08,-442959.44
2009-07-15,-519618.8
2009-07-22,-432493.97
2009-07-29,-485400.2
2009-08-01,-600101.8
2009-08-08,-504892.28
2009-08-15,-351450.72
2009-08-22,-591924.6
2009-08-29,-428186.28
2009-09-01,-586090.06
2009-09-08,-484882.38
2009-09-15,-383891.12
2009-09-22,-474462.22
2009-09-29,-644225.06
2009-10-01,-590200.2
2009-10-08,-383406.38
2009-10-15,-309785.88
2009-10-22,-420859.47
2009-10-29,-430973.6
2009-11-01,-501603.5
2009-11-08,-378459.6
2009-11-15,-374761.88
2009-11-22,-562013.0
2009-11-29,-443645.8
2009-12-01,-477830.7
2009-12-08,-544125.75
2009-12-15,-462540.78
2009-12-22,-528514.56
2009-12-29,-595355.6
2010-01-01,-656791.5
2010-01-08,-294152.5
2010-01-15,-549286.3
2010-01-22,-501424.34
2010-01-29,-487660.38
2010-02-01,-528306.8
2010-02-08,-471027.62
2010-02-15,-408165.56
2010-02-22,-507869.34
2010-03-01,-405698.2
2010-03-08,-307375.72
2010-03-15,-333024.72
2010-03-22,-321407.06
2010-03-29,-313834.9
2010-04-01,-361390.25
2010-04-08,-339194.44
2010-04-15,-422280.62
2010-04-22,-381907.88
2010-04-29,-439817.06
2010-05-01,-363543.75
2010-05-08,-392479.22
2010-05-15,-415706.28
2010-05-22,-562273.4
2010-05-29,-481551.47
2010-06-01,-427197.0
2010-06-08,-572762.8
2010-06-15,-475479.4
2010-06-22,-641477.56
2010-06-29,-465466.97
2010-07-01,-605308.25
2010-07-08,-411276.03
2010-07-15,-439689.25
2010-07-22,-500255.6
2010-07-29,-498568.12
2010-08-01,-441058.5
2010-08-08,-440690.56
2010-08-15,-428119.38
2010-08-22,-496522.56
2010-08-29,-569992.3
2010-09-01,-419769.72
2010-09-08,-374513.72
2010-09-15,-467090.1
2010-09-22,-314682.9
2010-09-29,-299501.62
2010-10-01,-328165.2
2010-10-08,-547693.6
2010-10-15,-502958.03
2010-10-22,-461549.53
2010-10-29,-514034.94
2010-11-01,-482494.62
2010-11-08,-363358.88
2010-11-15,-428827.9
2010-11-22,-410291.66
2010-11-29,-500538.38
2010-12-01,-485470.8
2010-12-08,-352574.2
2010-12-15,-479929.06
2010-12-22,-528986.2
2010-12-29,-571435.5
2011-01-01,-414987.88
2011-01-08,-401615.28
2011-01-15,-575091.1
2011-01-22,-683513.44
2011-01-29,-516958.94
2011-02-01,-513151.5
2011-02-08,-406831.56
2011-02-15,-353334.72
2011-02-22,-453031.03
2011-03-01,-476394.9
2011-03-08,-329702.1
2011-03-15,-416857.2
2011-03-22,-305620.47
2011-03-29,-523926.62
2011-04-01,-367445.4
2011-04-08,-324291.56
2011-04-15,-373725.44
2011-04-22,-361590.3
2011-04-29,-386590.75
2011-05-01,-413818.12
2011-05-08,-637766.2
2011-05-15,-403793.97
2011-05-22,-468499.06
2011-05-29,-511361.2
2011-06-01,-554672.25
2011-06-08,-520613.66
2011-06-15,-704632.3
2011-06-22,-507717.38
2011-06-29,-415995.75
2011-07-01,-436709.47
2011-07-08,-428116.16
2011-07-15,-586450.44
2011-07-22,-517908.28
2011-07-29,-596296.1
2011-08-01,-536562.94
2011-08-08,-425491.47
2011-08-15,-393624.12
2011-08-22,-435228.2
2011-08-29,-551370.3
2011-09-01,-457695.16
2011-09-08,-460763.38
2011-09-15,-456110.94
2011-09-22,-478921.2
2011-09-29,-401482.28
2011-10-01,-397081.0
2011-10-08,-298701.66
2011-10-15,-341993.06
2011-10-22,-365316.84
2011-10-29,-444352.97
2011-11-01,-384413.3
2011-11-08,-522075.72
2011-11-15,-449614.8
2011-11-22,-659662.0
2011-11-29,-448793.03
2011-12-01,-437786.25
2011-12-08,-416387.72
2011-12-15,-749087.25
2011-12-22,-650080.1
2011-12-29,-478033.25
2012-01-01,-311368.38
2012-01-08,-484291.4
2012-01-15,-784012.3
2012-01-22,-602708.44
2012-01-29,-566922.44
2012-02-01,-553932.9
2012-02-08,-362213.75
2012-02-15,-361692.7
2012-02-22,-465198.1
2012-02-29,-290828.34
2012-03-01,-335875.66
2012-03-08,-354671.75
2012-03-15,-322261.0
2012-03-22,-394305.4
2012-03-29,-326232.88
2012-04-01,-383067.0
2012-04-08,-405627.0
2012-04-15,-355899.0
2012-04-22,-425382.75
2012-04-29,-492900.6
2012-05-01,-521224.28
2012-05-08,-405679.78
2012-05-15,-498953.7
2012-05-22,-490209.16
2012-05-29,-598430.2
2012-06-01,-519244.34
2012-06-08,-558144.75
2012-06-15,-504608.84
2012-06-22,-416536.06
2012-06-29,-431523.7
2012-07-01,-515091.5
2012-07-08,-436673.16
2012-07-15,-423189.6
2012-07-22,-478600.56
2012-07-29,-531417.2
2012-08-01,-538112.75
2012-08-08,-473834.16
2012-08-15,-448403.3
2012-08-22,-377935.62
2012-08-29,-558538.06
2012-09-01,-463694.78
2012-09-08,-490648.78
2012-09-15,-472132.12
2012-09-22,-374949.0
2012-09-29,-435738.88
2012-10-01,-402833.44
2012-10-08,-316995.28
2012-10-15,-298946.28
2012-10-22,-392800.0
2012-10-29,-519142.06
2012-11-01,-371924.2
2012-11-08,-288877.03
2012-11-15,-549037.4
2012-11-22,-305244.8
2012-11-29,-594852.4
2012-12-01,-466163.03
2012-12-08,-472309.7
2012-12-15,-619456.3
2012-12-22,-626847.94
2012-12-29,-431199.84
2013-01-01,-610380.1
2013-01-08,-364479.16
2013-01-15,-663239.25
2013-01-22,-551191.6
2013-01-29,-544917.44
2013-02-01,-516836.0
2013-02-08,-359726.8
2013-02-15,-310004.94
2013-02-22,-619285.7
2013-03-01,-452334.94
2013-03-08,-349803.03
2013-03-15,-425123.75
2013-03-22,-401111.56
2013-03-29,-366983.12
2013-04-01,-360300.16
2013-04-08,-364480.88
2013-04-15,-385694.72
2013-04-22,-389481.6
2013-04-29,-387155.12
2013-05-01,-455334.56
2013-05-08,-416847.22
2013-05-15,-492913.56
2013-05-22,-519970.16
2013-05-29,-547705.1
2013-06-01,-527480.0
2013-06-08,-566152.1
2013-06-15,-494022.78
2013-06-22,-580673.6
2013-06-29,-444277.38
2013-07-01,-489873.6
2013-07-08,-509226.4
2013-07-15,-549202.7
2013-07-22,-578845.94
2013-07-29,-490015.94
2013-08-01,-431450.12
2013-08-08,-405491.03
2013-08-15,-582711.4
2013-08-22,-455680.53
2013-08-29,-345522.75
2013-09-01,-344398.75
2013-09-08,-408866.28
2013-09-15,-567673.4
2013-09-22,-480589.16
2013-09-29,-490246.97
2013-10-01,-374027.25
2013-10-08,-560204.6
2013-10-15,-299723.22
2013-10-22,-479592.25
2013-10-29,-305565.66
2013-11-01,-390715.5
2013-11-08,-480675.47
2013-11-15,-488987.9
2013-11-22,-426358.97
2013-11-29,-426206.06
2013-12-01,-500585.06
2013-12-08,-593188.94
2013-12-15,-520343.28
2013-12-22,-847807.75
2013-12-29,-766645.25
2014-01-01,-646120.4
2014-01-08,-593233.5
2014-01-15,-563169.5
2014-01-22,-813104.94
2014-01-29,-521900.53
2014-02-01,-525956.75
2014-02-08,-456109.12
2014-02-15,-379480.66
2014-02-22,-425439.56
2014-03-01,-454593.97
2014-03-08,-543136.1
2014-03-15,-429329.34
2014-03-22,-333437.94
2014-03-29,-311570.16
2014-04-01,-314188.88
2014-04-08,-385509.2
2014-04-15,-346071.84
2014-04-22,-335816.75
2014-04-29,-385475.28
2014-05-01,-379592.47
2014-05-08,-449283.06
2014-05-15,-409372.12
2014-05-22,-576227.25
2014-05-29,-419931.75
2014-06-01,-382512.9
2014-06-08,-496728.38
2014-06-15,-516290.0
2014-06-22,-490795.8
2014-06-29,-520520.6
2014-07-01,-491825.47
2014-07-08,-602262.3
2014-07-15,-535940.94
2014-07-22,-494744.78
2014-07-29,-469617.84
2014-08-01,-462177.0
2014-08-08,-522253.62
2014-08-15,-411899.94
2014-08-22,-403947.12
2014-08-29,-576443.1
2014-09-01,-440861.44
2014-09-08,-474456.44
2014-09-15,-549692.06
2014-09-22,-329898.34
2014-09-29,-282412.47
2014-10-01,-311631.97
2014-10-08,-551323.56
2014-10-15,-414186.16
2014-10-22,-352521.47
2014-10-29,-360741.56
2014-11-01,-378762.84
2014-11-08,-409528.28
2014-11-15,-424646.53
2014-11-22,-463035.12
2014-11-29,-410389.78
2014-12-01,-508185.28
2014-12-08,-329482.7
2014-12-15,-446797.0
2014-12-22,-681050.4
2014-12-29,-523825.38
2015-01-01,-450033.78
2015-01-08,-429486.34
2015-01-15,-416801.12
2015-01-22,-504564.56
2015-01-29,-503905.53
2015-02-01,-597370.94
2015-02-08,-589338.56
2015-02-15,-514839.53
2015-02-22,-413943.6
2015-03-01,-389906.78
2015-03-08,-446224.34
2015-03-15,-401260.94
2015-03-22,-319290.06
2015-03-29,-408612.53
2015-04-01,-341160.66
2015-04-08,-389234.4
2015-04-15,-451694.88
2015-04-22,-426640.9
2015-04-29,-411302.38
2015-05-01,-433345.72
2015-05-08,-392690.3
2015-05-15,-460796.62
2015-05-22,-613136.8
2015-05-29,-430125.84
2015-06-01,-470060.47
2015-06-08,-449521.97
2015-06-15,-545927.44
2015-06-22,-501697.12
2015-06-29,-444045.7
2015-07-01,-459141.2
2015-07-08,-496622.25
2015-07-15,-566715.25
2015-07-22,-497342.4
2015-07-29,-553755.4
2015-08-01,-480747.2
2015-08-08,-512030.7
2015-08-15,-310446.88
2015-08-22,-572863.4
2015-08-29,-463832.88
2015-09-01,-413219.44
2015-09-08,-512818.78
2015-09-15,-551308.56
2015-09-22,-315812.7
2015-09-29,-378070.44
2015-10-01,-358975.47
2015-10-08,-442381.56
2015-10-15,-323586.56
2015-10-22,-371683.62
2015-10-29,-453658.88
2015-11-01,-418398.38
2015-11-08,-512385.84
2015-11-15,-438094.2
2015-11-22,-495136.25
2015-11-29,-496042.78
2015-12-01,-394860.9
2015-12-08,-426383.25
2015-12-15,-437070.78
2015-12-22,-607523.8
2015-12-29,-537362.9
2016-01-01,-654690.0
2016-01-08,-643778.6
2016-01-15,-605516.2
2016-01-22,-422135.22
2016-01-29,-567053.3
2016-02-01,-622740.6
2016-02-08,-651912.1
2016-02-15,-505135.78
2016-02-22,-439804.22
2016-02-29,-439884.1
2016-03-01,-440455.0
2016-03-08,-391053.84
2016-03-15,-387230.2
2016-03-22,-387284.16
2016-03-29,-394447.62
2016-04-01,-386357.47
2016-04-08,-368264.62
2016-04-15,-396860.28
2016-04-22,-466087.28
2016-04-29,-382318.03
2016-05-01,-392037.97
2016-05-08,-379915.03
2016-05-15,-582015.75
2016-05-22,-652384.3
2016-05-29,-485732.47
2016-06-01,-436648.44
2016-06-08,-621663.44
2016-06-15,-601302.8
2016-06-22,-467333.94
2016-06-29,-611006.94
2016-07-01,-496435.38
2016-07-08,-617368.44
2016-07-15,-435320.34
2016-07-22,-494171.75
2016-07-29,-629501.25
2016-08-01,-631081.9
2016-08-08,-429484.1
2016-08-15,-583302.2
2016-08-22,-350570.88
2016-08-29,-473779.5
2016-09-01,-502472.03
2016-09-08,-478268.3
2016-09-15,-486962.84
2016-09-22,-428365.72
2016-09-29,-481356.72
2016-10-01,-367618.66
2016-10-08,-466244.16
2016-10-15,-327310.34
2016-10-22,-523643.47
2016-10-29,-290240.53
2016-11-01,-411683.03
2016-11-08,-384277.53
2016-11-15,-403983.06
2016-11-22,-485356.97
2016-11-29,-602162.7
2016-12-01,-543959.44
2016-12-08,-668109.06
2016-12-15,-421257.25
2016-12-22,-541808.9
2016-12-29,-669284.56
2017-01-01,-520916.4
2017-01-08,-528262.7
2017-01-15,-668234.5
2017-01-22,-482264.12
2017-01-29,-406343.97
2017-02-01,-508245.5
2017-02-08,-539099.25
2017-02-15,-610412.0
2017-02-22,-351046.34
2017-03-01,-459051.6
2017-03-08,-334712.53
2017-03-15,-518301.7
2017-03-22,-532868.3
2017-03-29,-351154.62
2017-04-01,-295971.38
2017-04-08,-356838.2
2017-04-15,-620792.7
2017-04-22,-360134.47
2017-04-29,-299098.9
2017-05-01,-326168.84
2017-05-08,-342650.72
2017-05-15,-576303.94
2017-05-22,-347338.03
2017-05-29,-540740.3
2017-06-01,-422828.9
2017-06-08,-603503.6
2017-06-15,-500397.72
2017-06-22,-595666.44
2017-06-29,-426942.2
2017-07-01,-458534.7
2017-07-08,-509114.7
2017-07-15,-603227.25
2017-07-22,-426217.94
2017-07-29,-376095.3
2017-08-01,-427702.88
2017-08-08,-425532.12
2017-08-15,-553572.0
2017-08-22,-457589.75
2017-08-29,-368851.44
2017-09-01,-408955.03
2017-09-08,-357182.34
2017-09-15,-571030.75
2017-09-22,-394479.06
2017-09-29,-396292.4
2017-10-01,-348659.47
2017-10-08,-294570.12
2017-10-15,-587521.2
2017-10-22,-368903.6
2017-10-29,-432541.5
2017-11-01,-464305.1
2017-11-08,-469783.38
2017-11-15,-368235.28
2017-11-22,-487305.1
2017-11-29,-481934.78
2017-12-01,-534037.4
2017-12-08,-406237.44
2017-12-15,-558739.1
2017-12-22,-768708.2
2017-12-29,-477442.28
2018-01-01,-364322.6
2018-01-08,-439221.25
2018-01-15,-526956.9
2018-01-22,-464538.97
2018-01-29,-518967.38
2018-02-01,-534231.06
2018-02-08,-406875.28
2018-02-15,-469249.84
2018-02-22,-416325.75
2018-03-01,-366852.88
2018-03-08,-366805.6
2018-03-15,-334407.22
2018-03-22,-339953.44
2018-03-29,-341611.34
2018-04-01,-356700.8
2018-04-08,-593696.56
2018-04-15,-342773.25
2018-04-22,-370988.38
2018-04-29,-423781.78
2018-05-01,-438533.03
2018-05-08,-448394.2
2018-05-15,-367039.47
2018-05-22,-418542.03
2018-05-29,-666415.4
2018-06-01,-494843.53
2018-06-08,-709124.25
2018-06-15,-572312.06
2018-06-22,-523786.25
2018-06-29,-394886.34
2018-07-01,-454670.94
2018-07-08,-542909.4
2018-07-15,-520954.6
2018-07-22,-448705.53
2018-07-29,-494067.34
2018-08-01,-544215.1
2018-08-08,-504849.53
2018-08-15,-555756.25
2018-08-22,-369677.84
2018-08-29,-424396.12
2018-09-01,-451937.06
2018-09-08,-308989.56
2018-09-15,-473272.62
2018-09-22,-297930.3
2018-09-29,-273950.84
2018-10-01,-312593.1
2018-10-08,-461550.88
2018-10-15,-291155.2
2018-10-22,-347738.38
2018-10-29,-404552.62
2018-11-01,-573925.1
2018-11-08,-477337.88
2018-11-15,-389665.66
2018-11-22,-411249.88
2018-11-29,-523182.3
2018-12-01,-426930.94
2018-12-08,-527377.9
2018-12-15,-686707.06
2018-12-22,-354877.9
2018-12-29,-725042.44
2019-01-01,-645297.75
2019-01-08,-412229.84
2019-01-15,-535085.44
2019-01-22,-434810.6
2019-01-29,-528629.44
2019-02-01,-415099.38
2019-02-08,-285750.66
2019-02-15,-330479.72
2019-02-22,-469905.88
2019-03-01,-435763.06
2019-03-08,-338864.6
2019-03-15,-358966.0
2019-03-22,-393932.3
2019-03-29,-318038.97
2019-04-01,-354433.4
2019-04-08,-326601.56
2019-04-15,-334933.72
2019-04-22,-386341.8
2019-04-29,-601534.25
2019-05-01,-644785.94
2019-05-08,-466313.53
2019-05-15,-385439.06
2019-05-22,-412601.53
2019-05-29,-434790.62
2019-06-01,-434970.28
2019-06-08,-595953.06
2019-06-15,-513679.53
2019-06-22,-424773.03
2019-06-29,-598064.1
2019-07-01,-555118.5
2019-07-08,-461338.75
2019-07-15,-524219.62
2019-07-22,-523445.47
2019-07-29,-547321.7
2019-08-01,-611720.25
2019-08-08,-590868.94
2019-08-15,-414279.0
2019-08-22,-594952.9
2019-08-29,-458630.6
2019-09-01,-526354.2
2019-09-08,-377863.25
2019-09-15,-487876.8
2019-09-22,-325909.6
2019-09-29,-320311.8
2019-10-01,-278045.5
2019-10-08,-325965.5
2019-10-15,-484300.44
2019-10-22,-392613.84
2019-10-29,-413072.25
2019-11-01,-351031.1
2019-11-08,-470245.62
2019-11-15,-355054.47
2019-11-22,-501246.8
2019-11-29,-512656.5
2019-12-01,-435677.03
2019-12-08,-808931.75
2019-12-15,-554092.4
2019-12-22,-449754.06
2019-12-29,-482295.34
2020-01-01,-388868.16
2020-01-08,-512034.56
2020-01-15,-465047.5
2020-01-22,-491715.1
2020-01-29,-536612.7
2020-02-01,-475660.9
2020-02-08,-454024.12
2020-02-15,-441805.38
2020-02-22,-533010.5
2020-02-29,-404283.34
2020-03-01,-386651.3
2020-03-08,-423543.56
2020-03-15,-358203.44
2020-03-22,-371714.34
2020-03-29,-339874.56
2020-04-01,-326060.97
2020-04-08,-336231.62
2020-04-15,-333781.78
2020-04-22,-359252.72
2020-04-29,-343201.56
2020-05-01,-321038.44
2020-05-08,-348096.47
2020-05-15,-534817.4
2020-05-22,-295583.94
2020-05-29,-438769.56
2020-06-01,-388818.28
2020-06-08,-569402.44
2020-06-15,-464470.75
2020-06-22,-420526.8
2020-06-29,-499002.78
2020-07-01,-536778.94
2020-07-08,-390417.62
2020-07-15,-458560.1
2020-07-22,-416625.25
2020-07-29,-574741.7
2020-08-01,-672184.06
2020-08-08,-510324.84
2020-08-15,-467595.78
2020-08-22,-430707.97
2020-08-29,-366020.8
2020-09-01,-343628.4
2020-09-08,-406871.84
2020-09-15,-536432.9
2020-09-22,-441545.38
2020-09-29,-594901.75
2020-10-01,-509767.8
2020-10-08,-312157.9
2020-10-15,-408310.03
2020-10-22,-399967.78
2020-10-29,-368267.75
2020-11-01,-283148.25
2020-11-08,-498801.22
2020-11-15,-491583.3
2020-11-22,-510871.8
2020-11-29,-605067.4
2020-12-01,-651496.3
2020-12-08,-548244.44
2020-12-15,-472907.8
2020-12-22,-629975.1
2020-12-29,-411166.25
2021-01-01,-694526.7
2021-01-08,-422459.03
2021-01-15,-501169.6
2021-01-22,-493895.34
2021-01-29,-397078.62
2021-02-01,-575328.9
2021-02-08,-677019.8
2021-02-15,-428350.62
2021-02-22,-415894.0
2021-03-01,-380406.97
2021-03-08,-405312.1
2021-03-15,-353009.44
2021-03-22,-355053.47
2021-03-29,-339893.84
2021-04-01,-447536.84
2021-04-08,-336925.16
2021-04-15,-367801.72
2021-04-22,-408325.12
2021-04-29,-336602.94
2021-05-01,-398982.5
2021-05-08,-392851.56
2021-05-15,-455639.16
2021-05-22,-801413.25
2021-05-29,-360349.72
2021-06-01,-352015.47
2021-06-08,-673533.2
2021-06-15,-690515.7
2021-06-22,-559216.5
2021-06-29,-493527.34
2021-07-01,-558149.2
2021-07-08,-542295.06
2021-07-15,-440709.88
2021-07-22,-718051.3
2021-07-29,-546791.1
2021-08-01,-550415.6
2021-08-08,-392060.9
2021-08-15,-580953.5
2021-08-22,-429018.84
2021-08-29,-484228.16
2021-09-01,-404957.2
2021-09-08,-459671.16
2021-09-15,-367513.94
2021-09-22,-489988.53
2021-09-29,-288529.97
2021-10-01,-387412.7
2021-10-08,-536256.0
2021-10-15,-426303.5
2021-10-22,-262816.38
2021-10-29,-440482.72
2021-11-01,-396969.03
2021-11-08,-482229.78
2021-11-15,-380655.38
2021-11-22,-404713.9
2021-11-29,-504699.8
2021-12-01,-690672.94
2021-12-08,-655974.94
2021-12-15,-570893.0
2021-12-22,-464277.53
2021-12-29,-547542.25
2022-01-01,-616185.56
2022-01-08,-502958.25
2022-01-15,-392116.5
2022-01-22,-339783.0
2022-01-29,-499202.2
2022-02-01,-481468.44
2022-02-08,-589825.75
2022-02-15,-562687.44
2022-02-22,-461281.38
2022-03-01,-523667.47
2022-03-08,-383805.9
2022-03-15,-316707.97
2022-03-22,-323010.0
2022-03-29,-335679.47
2022-04-01,-368015.25
2022-04-08,-392554.1
2022-04-15,-399544.78
2022-04-22,-348557.12
2022-04-29,-368655.2
2022-05-01,-425795.28
2022-05-08,-767706.6
2022-05-15,-536261.44
2022-05-22,-632968.44
2022-05-29,-539099.8
2022-06-01,-451380.8
2022-06-08,-518628.75
2022-06-15,-389137.44
2022-06-22,-486928.03
2022-06-29,-457727.34
2022-07-01,-487583.56
2022-07-08,-565637.75
2022-07-15,-457853.06
2022-07-22,-391994.97
2022-07-29,-338640.06
2022-08-01,-474344.94
2022-08-08,-620284.75
2022-08-15,-408365.34
2022-08-22,-480951.97
2022-08-29,-288994.25
2022-09-01,-397395.8
2022-09-08,-584115.56
2022-09-15,-476088.5
2022-09-22,-410771.7
2022-09-29,-499101.03
2022-10-01,-586664.7
2022-10-08,-376656.7
2022-10-15,-348262.06
2022-10-22,-518862.34
2022-10-29,-443836.88
2022-11-01,-361950.75
2022-11-08,-481237.44
2022-11-15,-442251.06
2022-11-22,-356602.44
2022-11-29,-332126.66
2022-12-01,-313070.25
2022-12-08,-770066.06
2022-12-15,-595079.0
2022-12-22,-495198.06
2022-12-29,-434004.97
2023-01-01,-671389.1
2023-01-08,-585452.2
2023-01-15,-522321.56
2023-01-22,-499842.84
2023-01-29,-690684.94
2023-02-01,-392017.25
2023-02-08,-418094.47
2023-02-15,-525364.56
2023-02-22,-425542.72
2023-03-01,-512930.94
2023-03-08,-447212.75
2023-03-15,-357490.28
2023-03-22,-304973.78
2023-03-29,-365104.25
2023-04-01,-389838.25
2023-04-08,-379157.1
2023-04-15,-409783.7
2023-04-22,-301747.34
2023-04-29,-339434.97
2023-05-01,-398024.7
2023-05-08,-394812.44
2023-05-15,-402014.72
2023-05-22,-411906.12
2023-05-29,-354195.47
2023-06-01,-531231.8
2023-06-08,-553410.44
2023-06-15,-460628.47
2023-06-22,-475290.75
2023-06-29,-483402.16
2023-07-01,-580282.5
2023-07-08,-357746.28
2023-07-15,-499813.03
2023-07-22,-484804.56
2023-07-29,-513196.62
2023-08-01,-474457.7
2023-08-08,-433594.1
2023-08-15,-511320.97
2023-08-22,-396224.9
2023-08-29,-490014.7
2023-09-01,-504212.22
2023-09-08,-450304.47
2023-09-15,-480245.53
2023-09-22,-379094.66
2023-09-29,-564412.3
2023-10-01,-474276.84
2023-10-08,-300708.4
2023-10-15,-305729.78
2023-10-22,-416649.2
2023-10-29,-343429.22
2023-11-01,-410832.1
2023-11-08,-298267.1
2023-11-15,-436670.97
2023-11-22,-395622.06
2023-11-29,-580008.7
2023-12-01,-489242.03
2023-12-08,-260944.73
2023-12-15,-463622.53
2023-12-22,-643774.94
2023-12-29,-551851.2
2024-01-01,-543439.25
2024-01-08,-501054.66
2024-01-15,-450754.38
2024-01-22,-576737.6
2024-01-29,-432410.8
2024-02-01,-317437.94
2024-02-08,-448899.16
2024-02-15,-470353.53
2024-02-22,-340210.3
2024-02-29,-391911.88
2024-03-01,-403481.5
2024-03-08,-369150.25
2024-03-15,-363187.34
2024-03-22,-398846.94
2024-03-29,-311718.7
2024-04-01,-329360.8
2024-04-08,-368216.56
2024-04-15,-306210.56
2024-04-22,-394945.22
2024-04-29,-353355.2
2024-05-01,-411459.94
2024-05-08,-414056.25
2024-05-15,-401896.62
2024-05-22,-647251.06
2024-05-29,-455740.1
2024-06-01,-497168.12
2024-06-08,-701776.2
2024-06-15,-516044.88
2024-06-22,-564417.44
2024-06-29,-479951.06
2024-07-01,-470551.53
2024-07-08,-419639.44
2024-07-15,-577305.5
2024-07-22,-487995.5
2024-07-29,-429105.56
2024-08-01,-432561.22
2024-08-08,-399101.12
2024-08-15,-441398.3
2024-08-22,-551449.3
2024-08-29,-680488.6
2024-09-01,-492585.84
2024-09-08,-562245.4
2024-09-15,-463628.22
2024-09-22,-506886.7
2024-09-29,-342407.78
2024-10-01,-418239.03
2024-10-08,-318049.97
2024-10-15,-514381.06
2024-10-22,-530372.3
2024-10-29,-300869.6
2024-11-01,-359346.72
2024-11-08,-471048.44
2024-11-15,-368151.6
2024-11-22,-534859.7
2024-11-29,-719865.8
2024-12-01,-425938.38
2024-12-08,-524268.38
2024-12-15,-709267.1
2024-12-22,-541246.9
2024-12-29,-507085.53
2025-01-01,-663602.8
2025-01-08,-521212.34
2025-01-15,-731947.5
2025-01-22,-482551.38
2025-01-29,-467890.62
2025-02-01,-429789.22
2025-02-08,-523077.75
2025-02-15,-426195.66
2025-02-22,-365019.53
2025-03-01,-360675.22
2025-03-08,-449860.3
2025-03-15,-343495.44
2025-03-22,-457872.47
2025-03-29,-391960.47
2025-04-01,-398563.62
2025-04-08,-482788.38
2025-04-15,-337423.3
2025-04-22,-339987.0
2025-04-29,-389143.62
2025-05-01,-369919.78
2025-05-08,-394666.12
2025-05-15,-410484.62
2025-05-22,-489255.22
2025-05-29,-671668.6
2025-06-01,-481686.56
2025-06-08,-538765.75
2025-06-15,-659276.0
2025-06-22,-583784.4
2025-06-29,-552412.5
2025-07-01,-511816.47
2025-07-08,-454429.3
2025-07-15,-425877.2
2025-07-22,-684411.1
2025-07-29,-450306.22
2025-08-01,-293701.44
2025-08-08,-441889.75
2025-08-15,-598762.94
2025-08-22,-475552.7
2025-08-29,-486415.7
2025-09-01,-543654.94
2025-09-08,-328491.7
2025-09-15,-366188.12
2025-09-22,-560271.94
2025-09-29,-547126.7
2025-10-01,-523143.12
2025-10-08,-372926.22
2025-10-15,-345951.56
2025-10-22,-414979.66
2025-10-29,-329014.72
2025-11-01,-400533.66
2025-11-08,-358713.5
2025-11-15,-573044.8
2025-11-22,-594622.9
2025-11-29,-633152.0
2025-12-01,-388975.56
2025-12-08,-555293.6
2025-12-15,-514131.3
2025-12-22,-627707.44
2025-12-29,-441159.5
