DOY,Climatology,Threshold90
1,28.505141895454546,28.95295000625
2,28.502797940641713,28.947616170588237
3,28.500422783080808,28.942541644444443
4,28.498026051435406,28.937827189473683
5,28.495654601136362,28.933489530000003
6,28.493316674891773,28.929502152380955
7,28.491131192768595,28.92577561363636
8,28.489151501581027,28.922470352173917
9,28.487470171212124,28.919510254166667
10,28.48604034309091,28.917064456
11,28.48481541486014,28.915914153846153
12,28.48382717053872,28.915382448148147
13,28.483102568993505,28.914990725
14,28.4826403007837,28.91462601724138
15,28.482431192272728,28.914285623333335
16,28.482435262316717,28.913967190322584
17,28.4807817941349,28.910745887096777
18,28.479600083431087,28.907386229032255
19,28.478875008064517,28.903882525806452
20,28.47859732888563,28.90037882258064
21,28.478678193108504,28.89687511935484
22,28.479138627419356,28.89389799032258
23,28.479872754838713,28.891703812903224
24,28.480917912316716,28.889453287096774
25,28.482379033137832,28.887490719354837
26,28.484221101026392,28.886063480645163
27,28.48652140014663,28.885832177419353
28,28.489400157624633,28.885972267741934
29,28.49292842184751,28.887223625806453
30,28.497056383724342,28.888979303225806
31,28.501733378005866,28.891669858064514
32,28.507085030645165,28.89626489032258
33,28.51305378328446,28.901349848387095
34,28.5196515840176,28.906982096774193
35,28.526887464222877,28.91320513548387
36,28.53466880307918,28.91996346129032
37,28.543008331085048,28.927821825806447
38,28.551827779472138,28.93704063548387
39,28.561033562463344,28.946299622580643
40,28.570524356158355,28.955520161290323
41,28.580430672873902,28.964760151612907
42,28.590823366568916,28.974386483870965
43,28.60179711994135,28.98407472903226
44,28.613382023460414,28.99452486451613
45,28.625574130498535,29.006220635483867
46,28.638297569794723,29.017976103225806
47,28.651508092961876,29.03073293548387
48,28.665165165542522,29.045806258064516
49,28.679246783431086,29.06101793548387
50,28.69371836480938,29.076267464516132
51,28.70873639501466,29.092192712903223
52,28.724330321114373,29.10865829677419
53,28.740464843695015,29.125638951612903
54,28.75699659692082,29.142971296774196
55,28.773945131231674,29.16070499354839
56,28.79111479002933,29.17903954516129
57,28.80863049032258,29.197548419354835
58,28.826586531231673,29.216448174193552
59,28.84505979061584,29.23621449032258
60,28.86416646803519,29.256357248387094
61,28.88398107111437,29.276978712903226
62,28.904458451612904,29.298100887096773
63,28.925458544868032,29.31920239032258
64,28.94701451876833,29.341453483870968
65,28.96913469941349,29.364501396774195
66,28.991786357038123,29.387805003225804
67,29.015209219208213,29.411534661290325
68,29.03942378416422,29.436421687096775
69,29.06444906348974,29.461492116129033
70,29.09026676950147,29.488785048387097
71,29.116898776099706,29.51769907096774
72,29.1442666068915,29.548587119354835
73,29.172282268328445,29.579462116129033
74,29.200859256011732,29.61081542903226
75,29.22996961627566,29.642197987096775
76,29.259450174046922,29.673109390322583
77,29.289431601466276,29.70474580967742
78,29.319900934604107,29.73628627419355
79,29.350785091788858,29.767444709677417
80,29.381970539589442,29.798804841935485
81,29.413382973460415,29.83176302580645
82,29.44488665527859,29.86492179354839
83,29.47642488416422,29.899820403225807
84,29.50806103958944,29.935200564516126
85,29.53985606378299,29.97392563870968
86,29.57176135087977,30.013350177419355
87,29.60406378856305,30.053367438709675
88,29.63658694164223,30.093847416129034
89,29.669171792961876,30.134008319354837
90,29.7016758,30.17399182903226
91,29.73395783680352,30.213857358064516
92,29.766109751173023,30.255250541935485
93,29.798114670087976,30.29696466129032
94,29.82998635410557,30.339036419354837
95,29.861671403225806,30.381584177419352
96,29.893027476979473,30.423374612903228
97,29.924055848387095,30.464810461290323
98,29.954455083284454,30.506191835483868
99,29.984045382697946,30.545519741935482
100,30.012766690029324,30.58445006451613
101,30.040558678885628,30.621280632258063
102,30.067351275073314,30.656560812903226
103,30.092957689442816,30.68974630967742
104,30.117262921261,30.721697312903224
105,30.140070949706747,30.75303771935484
106,30.161155581524923,30.784644022580643
107,30.180792359384164,30.81553407096774
108,30.198820699120233,30.846023409677418
109,30.215198368328444,30.875607338709674
110,30.2300383686217,30.902034387096776
111,30.24344519134897,30.927545951612906
112,30.25545796612903,30.95142161290323
113,30.266036186070384,30.977901832258066
114,30.275187401466276,31.002101874193546
115,30.282803202052786,31.02483130967742
116,30.2890219143695,31.04401469677419
117,30.293848403812316,31.061758445161292
118,30.296913292228737,31.07664758064516
119,30.29822044208211,31.089184793548387
120,30.29779302815249,31.101197793548387
121,30.295547790615835,31.112323364516126
122,30.291393660117297,31.122384070967744
123,30.285263242961875,31.126604477419356
124,30.277207749706744,31.125855712903228
125,30.26717577844575,31.12060948064516
126,30.25522881334311,31.11178583870968
127,30.241473154545453,31.101117603225806
128,30.225989454838707,31.086549874193548
129,30.208947346627568,31.06836070967742
130,30.190533622140762,31.047444896774195
131,30.170783728299124,31.023581232258064
132,30.149927611290323,30.997442422580647
133,30.12807770733138,30.96929830967742
134,30.105420063636366,30.940038429032256
135,30.082126931085046,30.91027334516129
136,30.058431618328445,30.878914258064516
137,30.034544822434018,30.84553009032258
138,30.01030397903226,30.81118131612903
139,29.9857676797654,30.775796374193547
140,29.961053211730206,30.739383316129036
141,29.93610008387097,30.702352406451613
142,29.910942744428148,30.665361616129033
143,29.885551379032258,30.627934251612903
144,29.86002903797654,30.586383061290324
145,29.83440033181818,30.543918629032262
146,29.808790611730206,30.501013732258066
147,29.78311425307918,30.456926135483872
148,29.75739066510264,30.4128985
149,29.731835358797653,30.37030339032258
150,29.7066032585044,30.32843654516129
151,29.681707910557183,30.28642342903226
152,29.6572503829912,30.24377631290323
153,29.633311124340178,30.200855841935482
154,29.609888114809383,30.160828325806452
155,29.58693845894428,30.123119106451615
156,29.564489670087976,30.08710897096774
157,29.542529364956014,30.052437354838712
158,29.521131785337246,30.01853411935484
159,29.500322672873903,29.987904496774195
160,29.480116016862173,29.960005251612902
161,29.46045304633431,29.933737341935483
162,29.441326095307915,29.90858964193548
163,29.422658195454545,29.885305409677418
164,29.404466794868036,29.86382457096774
165,29.38668427038123,29.843005729032257
166,29.3693236228739,29.822415764516126
167,29.352377492521995,29.802956632258063
168,29.33587917829912,29.7844445483871
169,29.319855944281525,29.76704546451613
170,29.304263792521994,29.75027632258065
171,29.289067146774194,29.73455751935484
172,29.274240338416423,29.720540632258068
173,29.259794720087978,29.70728569032258
174,29.24575039325513,29.694912000000002
175,29.232039109530792,29.683181274193547
176,29.218677569061583,29.67236379032258
177,29.20559889252199,29.662479841935486
178,29.192807288856304,29.65384151612903
179,29.180250372287393,29.64557540645161
180,29.16786166158358,29.63689221935484
181,29.1555909431085,29.628662580645162
182,29.14342553870968,29.62016973548387
183,29.131396713489735,29.61218594516129
184,29.11956834985337,29.60407500967742
185,29.107976208797655,29.596531241935484
186,29.09671990762463,29.589972416129033
187,29.085916680351907,29.58433175806452
188,29.075588634604102,29.578972312903225
189,29.065680821994132,29.574093190322582
190,29.05604950527859,29.56886028387097
191,29.04663278387097,29.56194531935484
192,29.037446246627567,29.55552190967742
193,29.028491358944283,29.549683170967743
194,29.019684343255133,29.544007961290323
195,29.010916142961875,29.537232158064516
196,29.002191132991204,29.5303399483871
197,28.99346224970675,29.523023977419356
198,28.98463373431085,29.514528358064517
199,28.97562248431085,29.50523120645161
200,28.966433665102638,29.49508576129032
201,28.95722857756598,29.484541112903223
202,28.94806605542522,29.473320203225807
203,28.938978345454544,29.461356029032256
204,28.929944285337243,29.448251687096775
205,28.921062535337246,29.434236522580644
206,28.912408790762463,29.419424977419354
207,28.90399382228739,29.40439416774193
208,28.89585287155425,29.389315767741934
209,28.888006114222875,29.374088387096773
210,28.88058931671554,29.358828903225806
211,28.873726792521996,29.344541054838707
212,28.867398164956015,29.331302332258062
213,28.86158392888563,29.319458658064516
214,28.856304946774195,29.308130977419356
215,28.851574262170086,29.298530077419358
216,28.847357772140764,29.28936628064516
217,28.843590277272728,29.280956922580646
218,28.84020325645161,29.27319984516129
219,28.83715258753666,29.266478329032257
220,28.834423080938418,29.260476464516127
221,28.83195712639296,29.25611289032258
222,28.829668757478004,29.253491932258065
223,28.827521441202343,29.251313354838707
224,28.82551701319648,29.249390748387096
225,28.823691578152495,29.247481225806453
226,28.822049732111438,29.24670020967742
227,28.820542526392963,29.245956351612904
228,28.81920168196481,29.24550449032258
229,28.818049746187686,29.24622745483871
230,28.81709418900293,29.24755073870968
231,28.816314554545453,29.249500529032257
232,28.815654800879763,29.25064009032258
233,28.81506272052786,29.251533129032257
234,28.814570357478008,29.252866287096776
235,28.814201527419353,29.25532668064516
236,28.813867832844576,29.258253219354838
237,28.813443187390032,29.26190079354839
238,28.81293426642229,29.265767632258065
239,28.81225536510264,29.268992887096775
240,28.811417540615835,29.27220146451613
241,28.810335199706746,29.275026232258064
242,28.808984877565983,29.276565096774195
243,28.807443531231673,29.277331551612903
244,28.80582503357771,29.27687936129032
245,28.804101946774193,29.27612001935484
246,28.802255494428156,29.274142464516128
247,28.800231386363635,29.27162809354839
248,28.798089430498532,29.267950487096773
249,28.795848632111436,29.263267058064518
250,28.793619254692082,29.25763558064516
251,28.79141920307918,29.251504354838712
252,28.7893841414956,29.24432930645161
253,28.78753582096774,29.237193103225803
254,28.785887347507334,29.23010581935484
255,28.784422601612906,29.223124296774195
256,28.78317584633431,29.216338112903227
257,28.7821570329912,29.209788216129034
258,28.78141829032258,29.204151758064516
259,28.780977626979475,29.200482112903227
260,28.780835707331377,29.198207038709675
261,28.781013485923754,29.196386038709676
262,28.7815180186217,29.195063132258063
263,28.78235658196481,29.196145538709676
264,28.78355686920821,29.19915064516129
265,28.78513212815249,29.203491012903225
266,28.78703508313783,29.20805209677419
267,28.789253235923752,29.212812287096774
268,28.791929398240466,29.21774939677419
269,28.79515378020528,29.223023454838714
270,28.79897973870968,29.22933700967742
271,28.80338071803519,29.236675112903225
272,28.808356180938414,29.244511138709676
273,28.813806389442814,29.253286541935484
274,28.819545120967742,29.262122838709676
275,28.825501366568915,29.27038791612903
276,28.831594991055717,29.278187467741937
277,28.83779531378299,29.285878512903224
278,28.84423582668622,29.293540083870965
279,28.85077874472141,29.300757058064516
280,28.85736610131965,29.308244658064517
281,28.864015524046923,29.315234709677416
282,28.870738924926687,29.321862416129033
283,28.87754351510264,29.328597058064517
284,28.88444740131965,29.33573085483871
285,28.891510271554253,29.34333697741935
286,28.898708315102642,29.350740841935483
287,28.90595673739003,29.358860183870966
288,28.913269070821116,29.36727361612903
289,28.920519609384165,29.375184051612905
290,28.92764471979472,29.381468216129033
291,28.934612095014664,29.38650185806452
292,28.94133682478006,29.391211506451608
293,28.94788356319648,29.39543822903226
294,28.954154960557187,29.39812330967742
295,28.960188719794722,29.399674012903226
296,28.965933698680356,29.400192599999997
297,28.971383884017595,29.400860016129034
298,28.976597466422287,29.40134470967742
299,28.98160233211144,29.401073529032256
300,28.986367651466274,29.401012048387095
301,28.990970915395895,29.401010864516127
302,28.995377699120237,29.400087867741934
303,28.99954960014663,29.39916487096774
304,29.00347602580645,29.39824187419355
305,29.007190993695012,29.397318877419355
306,29.010635498533723,29.397390245161294
307,29.013845974486806,29.39799929677419
308,29.01682439032258,29.398274754838706
309,29.019384414662756,29.398560177419355
310,29.021484523460412,29.39892737741935
311,29.023082214809385,29.398548503225804
312,29.02407548856305,29.398414348387096
313,29.0244179771261,29.39855449354839
314,29.02400577419355,29.397586229032257
315,29.02279050894428,29.395289587096773
316,29.020755822434015,29.391233458064516
317,29.017983477272725,29.386892641935482
318,29.014525236803518,29.380608019354842
319,29.010371382404696,29.372598300000003
320,29.005675563636363,29.363787251612898
321,29.000452503372433,29.354758229032253
322,28.99471744017595,29.344791587096772
323,28.988492157184748,29.334689851612904
324,28.981798285923755,29.32459111612903
325,28.974762841935483,29.314992458064516
326,28.967411796187683,29.305506038709677
327,28.959760036950144,29.29601961935484
328,28.951776188269797,29.285956216129033
329,28.943437760117302,29.275720206451613
330,28.934688454398827,29.266138496774193
331,28.925516945307916,29.256110325806453
332,28.915850890762464,29.245686041935485
333,28.905720883870966,29.235261758064517
334,28.89517261568915,29.22483747419355
335,28.884241311730207,29.214338835483872
336,28.872980332844573,29.20369987419355
337,28.861417859530793,29.193060912903224
338,28.849489437976537,29.181370229032257
339,28.83723060293255,29.170128696774196
340,28.82475303313783,29.15842832580645
341,28.812197890762462,29.147017751612903
342,28.79964658973607,29.13657775483871
343,28.787169479912023,29.126415148387096
344,28.77479700718475,29.11632075483871
345,28.762603633431084,29.107053948387097
346,28.750566772140765,29.098380167741933
347,28.738703249999997,29.09094462903226
348,28.726961575513197,29.083803148387098
349,28.715402799853372,29.077694658064516
350,28.70405758372434,29.072868648387093
351,28.69797706060606,29.07065503
352,28.692004281504705,29.068521755172416
353,28.68615521607143,29.067196403571426
354,28.680501718855222,29.065927985185184
355,28.674976383216784,29.064558419230767
356,28.669510862363637,29.062915492
357,28.66402896193182,29.061135654166666
358,28.65853159901186,29.059201047826086
359,28.65309782252066,29.0572767
360,28.647743971861473,29.055399695238094
361,28.642465745227277,29.053334989999996
362,28.63719056746412,29.050889484210522
363,28.63194923257576,29.0481144
364,28.62676709411765,29.045012835294113
365,28.621621200000003,29.041523575
